-- users
INSERT INTO `users` (`id`, `nickname`, `phone`, `email`, `password`, `city`, `created_at`, `updated_at`, `is_active`) VALUES (1, 'maiores', '79348848368', 'rquitzon@example.com', '39daf1d34e8f8213a8ecdd4ef0d5f6ae453cddc3', 'North Jordan', '1972-06-28 14:57:09', '2006-05-09 13:04:42', 1);
INSERT INTO `users` (`id`, `nickname`, `phone`, `email`, `password`, `city`, `created_at`, `updated_at`, `is_active`) VALUES (2, 'ipsa', '79025036826', 'jernser@example.net', 'ecec9ca6617bde97c96fa254f65d23ebab5b87b7', 'North Antwan', '2016-12-15 12:35:32', '2017-01-17 01:13:21', 0);
INSERT INTO `users` (`id`, `nickname`, `phone`, `email`, `password`, `city`, `created_at`, `updated_at`, `is_active`) VALUES (3, 'qui', '79659351839', 'flavio89@example.org', 'acb9a62550d36163a59819d9ba02afaea77baa10', 'Casperfort', '1996-06-24 17:00:37', '1979-10-03 03:51:26', 1);
INSERT INTO `users` (`id`, `nickname`, `phone`, `email`, `password`, `city`, `created_at`, `updated_at`, `is_active`) VALUES (4, 'neque', '79285044024', 'marcia97@example.com', '0586a72b32544f46f99caac06820c8e3fb874756', 'West Talon', '2000-01-08 08:48:53', '1999-10-23 17:06:47', 1);
INSERT INTO `users` (`id`, `nickname`, `phone`, `email`, `password`, `city`, `created_at`, `updated_at`, `is_active`) VALUES (5, 'earum', '79073323721', 'evelyn.ryan@example.net', 'ea7e3afba67e26938388da3a767e7a7575b47069', 'Eleanorefurt', '2007-01-23 19:09:40', '2000-10-08 07:03:45', 1);
INSERT INTO `users` (`id`, `nickname`, `phone`, `email`, `password`, `city`, `created_at`, `updated_at`, `is_active`) VALUES (6, 'corrupti', '79900337894', 'lavon.beahan@example.org', '69054f7f6aeca124eff63a60a51babed31ac921c', 'West Shannon', '1991-01-14 06:06:38', '2017-11-24 23:24:04', 1);
INSERT INTO `users` (`id`, `nickname`, `phone`, `email`, `password`, `city`, `created_at`, `updated_at`, `is_active`) VALUES (7, 'itaque', '79206394915', 'trisha12@example.net', '41055832a8d8accd4b8a716ea62941f64f2000df', 'Arihaven', '2003-02-20 04:02:07', '1985-10-12 11:46:50', 0);
INSERT INTO `users` (`id`, `nickname`, `phone`, `email`, `password`, `city`, `created_at`, `updated_at`, `is_active`) VALUES (8, 'recusandae', '79100706833', 'tillman.smith@example.org', '11a11c12c15917ddc2d574af6a74b409463198d6', 'Farrellmouth', '1972-05-27 18:55:58', '1995-12-03 11:59:43', 0);
INSERT INTO `users` (`id`, `nickname`, `phone`, `email`, `password`, `city`, `created_at`, `updated_at`, `is_active`) VALUES (9, 'sunt', '79035040137', 'leone.emard@example.com', '04e4d7ccd503e298a422221f4338081b2023abc6', 'Cassieburgh', '1978-11-19 20:09:58', '1994-02-03 19:40:00', 1);
INSERT INTO `users` (`id`, `nickname`, `phone`, `email`, `password`, `city`, `created_at`, `updated_at`, `is_active`) VALUES (10, 'ut', '79715894653', 'windler.flavie@example.net', '2999eb0b47ab7170d3d0f50f8bc82debe98c30b7', 'Rowlandmouth', '2009-03-13 08:59:21', '1983-10-22 19:15:45', 0);
INSERT INTO `users` (`id`, `nickname`, `phone`, `email`, `password`, `city`, `created_at`, `updated_at`, `is_active`) VALUES (11, 'omnis', '79854158810', 'ycassin@example.com', '5453bcea12929e300302846c7c2862ce78eed14f', 'East Lemuelside', '1971-08-10 11:31:31', '2000-06-07 12:49:08', 0);
INSERT INTO `users` (`id`, `nickname`, `phone`, `email`, `password`, `city`, `created_at`, `updated_at`, `is_active`) VALUES (12, 'eveniet', '79284238812', 'mitchell.anne@example.org', 'b56ed98911d0f7a3f17d5b70460bf3d7355562f3', 'Olsonchester', '1972-03-23 00:32:58', '1983-12-21 19:32:10', 1);
INSERT INTO `users` (`id`, `nickname`, `phone`, `email`, `password`, `city`, `created_at`, `updated_at`, `is_active`) VALUES (13, 'est', '79025209374', 'fahey.rebeka@example.com', 'e786c2af2f3722e325da6f16adc963567cbd5fa2', 'Gretchenstad', '1978-09-18 21:50:54', '1979-06-06 16:50:54', 0);
INSERT INTO `users` (`id`, `nickname`, `phone`, `email`, `password`, `city`, `created_at`, `updated_at`, `is_active`) VALUES (14, 'minus', '79296257246', 'junius84@example.com', '1c642150f12dfc80099f978e262aa3acec2f2de8', 'Skilesbury', '1976-09-30 09:10:40', '1994-05-13 19:07:45', 1);
INSERT INTO `users` (`id`, `nickname`, `phone`, `email`, `password`, `city`, `created_at`, `updated_at`, `is_active`) VALUES (15, 'fugit', '79073384895', 'chelsie98@example.com', 'c39470d78c11560c3d0c381917d78aaebcc34db1', 'Port Susan', '1991-11-10 23:58:07', '1981-01-13 06:03:30', 0);
INSERT INTO `users` (`id`, `nickname`, `phone`, `email`, `password`, `city`, `created_at`, `updated_at`, `is_active`) VALUES (16, 'facilis', '79477191750', 'sonya97@example.org', '3cbddd996363010b3286594b92d0e087101345eb', 'Lake Reuben', '1986-06-19 20:13:42', '2019-05-18 11:13:08', 0);
INSERT INTO `users` (`id`, `nickname`, `phone`, `email`, `password`, `city`, `created_at`, `updated_at`, `is_active`) VALUES (17, 'dignissimos', '79494138593', 'bosco.keara@example.net', '4ab1278ca002551fe61aadb51bd90920063d8020', 'Madonnachester', '1984-02-26 04:18:30', '1973-03-05 00:19:49', 0);
INSERT INTO `users` (`id`, `nickname`, `phone`, `email`, `password`, `city`, `created_at`, `updated_at`, `is_active`) VALUES (18, 'velit', '79740213809', 'tmoen@example.net', '66497d13a9d75292280481274095b9b8efb930c0', 'Cormierberg', '1997-04-20 10:55:55', '1975-05-06 04:52:41', 0);
INSERT INTO `users` (`id`, `nickname`, `phone`, `email`, `password`, `city`, `created_at`, `updated_at`, `is_active`) VALUES (19, 'atque', '79688959904', 'kenneth10@example.com', '0b6db02b5a9ff2c1da059572c52be1ae8c5ab1ce', 'Mohrmouth', '2004-02-18 21:57:50', '2010-08-10 00:46:39', 1);
INSERT INTO `users` (`id`, `nickname`, `phone`, `email`, `password`, `city`, `created_at`, `updated_at`, `is_active`) VALUES (20, 'enim', '79975631429', 'dasia.kunze@example.net', 'c2e9cdf93bb05a9e030cd1c5a42d4427f2a4653c', 'Schillerville', '1971-03-24 03:05:38', '1997-03-23 07:21:13', 0);
INSERT INTO `users` (`id`, `nickname`, `phone`, `email`, `password`, `city`, `created_at`, `updated_at`, `is_active`) VALUES (21, 'rerum', '79124435386', 'xheaney@example.org', 'f43f2e976251d481188d143e4142fe30d46e00f0', 'Mozelleland', '1990-01-14 05:57:30', '1983-06-24 22:42:11', 1);
INSERT INTO `users` (`id`, `nickname`, `phone`, `email`, `password`, `city`, `created_at`, `updated_at`, `is_active`) VALUES (22, 'delectus', '79178464086', 'precious.sporer@example.com', '18fe87a8ac7de32151fdd9e3b15ef724599f6b57', 'North Xavier', '2019-07-06 06:44:53', '1993-05-07 11:20:33', 0);
INSERT INTO `users` (`id`, `nickname`, `phone`, `email`, `password`, `city`, `created_at`, `updated_at`, `is_active`) VALUES (23, 'voluptas', '79543869567', 'pink88@example.net', '5e0ab513edbd7bab2051a089ba4d5e1fc013f666', 'North Yoshiko', '1978-01-29 13:46:18', '2016-10-17 18:26:37', 1);
INSERT INTO `users` (`id`, `nickname`, `phone`, `email`, `password`, `city`, `created_at`, `updated_at`, `is_active`) VALUES (24, 'repudiandae', '79146230342', 'mina37@example.net', '8c66e70552fbac9648ac8ee9c724419b9571abc5', 'Careyport', '1996-07-12 04:56:07', '1975-02-12 17:54:03', 1);
INSERT INTO `users` (`id`, `nickname`, `phone`, `email`, `password`, `city`, `created_at`, `updated_at`, `is_active`) VALUES (25, 'alias', '79344837210', 'vpowlowski@example.com', 'e658bfdad1207f7d900f0132c29db7ddcb1e4420', 'Violetville', '2002-06-29 23:16:39', '1994-09-29 16:58:52', 1);
INSERT INTO `users` (`id`, `nickname`, `phone`, `email`, `password`, `city`, `created_at`, `updated_at`, `is_active`) VALUES (26, 'et', '79931714820', 'turner72@example.com', '95d4f9fc05a3476dac69f1983273d18d079a8372', 'Bernhardville', '2012-10-29 00:14:59', '2012-07-22 20:14:05', 1);
INSERT INTO `users` (`id`, `nickname`, `phone`, `email`, `password`, `city`, `created_at`, `updated_at`, `is_active`) VALUES (27, 'eligendi', '79980712798', 'jazmyne.pollich@example.com', '1543e4745d5aab247fdfc8ef19df911b8e1b344c', 'Lake Priscilla', '1980-12-26 06:33:53', '2013-11-09 15:51:22', 1);
INSERT INTO `users` (`id`, `nickname`, `phone`, `email`, `password`, `city`, `created_at`, `updated_at`, `is_active`) VALUES (28, 'iste', '79048787468', 'boehm.darwin@example.com', '56de557ca3abd04e3d3d3d70290c99428b313e67', 'Lynchview', '2010-10-03 12:22:15', '1988-05-05 12:31:44', 1);
INSERT INTO `users` (`id`, `nickname`, `phone`, `email`, `password`, `city`, `created_at`, `updated_at`, `is_active`) VALUES (29, 'blanditiis', '79857215721', 'gerhard.casper@example.com', 'f2b125ca7b6dbe7ac7b38dd70954901a4d3c89d6', 'Wymanfort', '1975-05-20 12:57:10', '1971-06-27 19:03:37', 1);
INSERT INTO `users` (`id`, `nickname`, `phone`, `email`, `password`, `city`, `created_at`, `updated_at`, `is_active`) VALUES (30, 'nisi', '79378709722', 'toni28@example.com', '07c060e25266ff91a5e5f73b3ec9b8a985ed8e37', 'Sawaynfurt', '1987-01-29 17:08:04', '1998-07-12 06:43:37', 1);
INSERT INTO `users` (`id`, `nickname`, `phone`, `email`, `password`, `city`, `created_at`, `updated_at`, `is_active`) VALUES (31, 'voluptatem', '79531307198', 'zpfeffer@example.com', '573f1e3a33ee71a6a976e0a783d475b7d33876ce', 'Lake Karianne', '1998-02-27 12:44:03', '2014-10-26 11:34:52', 1);
INSERT INTO `users` (`id`, `nickname`, `phone`, `email`, `password`, `city`, `created_at`, `updated_at`, `is_active`) VALUES (32, 'officia', '79296181876', 'ibrakus@example.net', 'a84deba5cfe67bba3585272e8f71ed57c56d4ae8', 'East Jeraldstad', '2000-10-30 17:45:38', '2017-03-01 12:16:55', 1);
INSERT INTO `users` (`id`, `nickname`, `phone`, `email`, `password`, `city`, `created_at`, `updated_at`, `is_active`) VALUES (33, 'illo', '79979589471', 'oschamberger@example.net', 'af98aec9a43182792e990a804062ac48422e7030', 'Arnofurt', '1985-01-01 07:48:31', '2000-11-07 13:01:08', 1);
INSERT INTO `users` (`id`, `nickname`, `phone`, `email`, `password`, `city`, `created_at`, `updated_at`, `is_active`) VALUES (34, 'quasi', '79714214002', 'nking@example.org', 'd0403d04ed4078e4790bb7033706aec325c27879', 'New Jermaineburgh', '1987-02-14 07:04:12', '1974-07-21 07:44:56', 0);
INSERT INTO `users` (`id`, `nickname`, `phone`, `email`, `password`, `city`, `created_at`, `updated_at`, `is_active`) VALUES (35, 'amet', '79473397875', 'hagenes.florine@example.com', 'a01abe2fdac57199131654b421a45de971aa7079', 'Enosberg', '1970-07-06 02:45:51', '1994-05-27 18:49:21', 1);
INSERT INTO `users` (`id`, `nickname`, `phone`, `email`, `password`, `city`, `created_at`, `updated_at`, `is_active`) VALUES (36, 'consequatur', '79660340075', 'mccullough.alfonzo@example.org', 'c516dbf4af3e311070b974bcaf77ef36c1e9e0e7', 'Alexandreafort', '1972-12-19 05:27:03', '1991-12-21 09:12:31', 1);
INSERT INTO `users` (`id`, `nickname`, `phone`, `email`, `password`, `city`, `created_at`, `updated_at`, `is_active`) VALUES (37, 'quibusdam', '79035595727', 'donald19@example.net', '9195d1c79c03f36b5ff9210dbeea4275299b86f6', 'South Collinshire', '2006-01-01 00:58:47', '1970-06-11 13:45:11', 0);
INSERT INTO `users` (`id`, `nickname`, `phone`, `email`, `password`, `city`, `created_at`, `updated_at`, `is_active`) VALUES (38, 'suscipit', '79282353052', 'maiya.lehner@example.com', '462d79af8a11daf9bf01d6dd83990f592d61708e', 'West Peggie', '1997-03-30 08:51:11', '1974-09-04 10:09:14', 0);
INSERT INTO `users` (`id`, `nickname`, `phone`, `email`, `password`, `city`, `created_at`, `updated_at`, `is_active`) VALUES (39, 'sequi', '79850258839', 'valentine.rogahn@example.org', 'c8d4584ef07b469577911fbb9547881e733a6d92', 'Pasqualefurt', '1995-12-16 22:51:50', '1991-01-10 17:22:30', 1);
INSERT INTO `users` (`id`, `nickname`, `phone`, `email`, `password`, `city`, `created_at`, `updated_at`, `is_active`) VALUES (40, 'excepturi', '79207788240', 'ybeer@example.com', 'd187d296dd7fcc558ae0ad2f6e74d78a331a1e23', 'Groverstad', '1994-01-28 00:23:43', '1976-10-16 09:04:47', 0);
INSERT INTO `users` (`id`, `nickname`, `phone`, `email`, `password`, `city`, `created_at`, `updated_at`, `is_active`) VALUES (41, 'odio', '79160334739', 'clementine.hermiston@example.org', '992312605ee3344c8eda664a9da4a279c28e1cf2', 'Kileyland', '1978-06-10 05:48:12', '1991-04-28 19:51:47', 1);
INSERT INTO `users` (`id`, `nickname`, `phone`, `email`, `password`, `city`, `created_at`, `updated_at`, `is_active`) VALUES (42, 'error', '79284310474', 'bart59@example.org', 'cc05b7e536f9d6dcb2a60820249d4e877f463236', 'Jarodtown', '1992-07-09 12:59:26', '1995-09-27 17:51:53', 1);
INSERT INTO `users` (`id`, `nickname`, `phone`, `email`, `password`, `city`, `created_at`, `updated_at`, `is_active`) VALUES (43, 'ipsam', '79858455221', 'darius.doyle@example.org', 'cf0785b5ad16b0b2803b9b3b56536f7ebc6f0f1f', 'Kristoferchester', '2004-10-30 00:31:08', '1993-06-27 10:09:19', 1);
INSERT INTO `users` (`id`, `nickname`, `phone`, `email`, `password`, `city`, `created_at`, `updated_at`, `is_active`) VALUES (44, 'dolorem', '79455515052', 'barrows.braxton@example.org', 'ef6a6f2de421a7e309829110acae5dae21dc8ce1', 'West Mekhi', '2005-09-19 16:49:46', '1970-07-10 07:41:28', 0);
INSERT INTO `users` (`id`, `nickname`, `phone`, `email`, `password`, `city`, `created_at`, `updated_at`, `is_active`) VALUES (45, 'laboriosam', '79426947768', 'bblock@example.org', '47825982dfbd8e6550d8c287501538a2665ed28c', 'North Vilma', '1985-02-14 00:35:51', '1977-05-22 03:10:08', 0);
INSERT INTO `users` (`id`, `nickname`, `phone`, `email`, `password`, `city`, `created_at`, `updated_at`, `is_active`) VALUES (46, 'sapiente', '79045665211', 'tswaniawski@example.net', 'd31c59f00bd0160c0dbe88e66592afacbf9728c3', 'South Estevanburgh', '2011-09-20 15:12:23', '1991-10-31 08:59:30', 0);
INSERT INTO `users` (`id`, `nickname`, `phone`, `email`, `password`, `city`, `created_at`, `updated_at`, `is_active`) VALUES (47, 'incidunt', '79469647123', 'walton15@example.org', 'f6267021013e98a66f508b77188f39ce593ffa83', 'East Donnaborough', '1975-05-24 13:13:06', '1981-05-05 08:28:06', 0);
INSERT INTO `users` (`id`, `nickname`, `phone`, `email`, `password`, `city`, `created_at`, `updated_at`, `is_active`) VALUES (48, 'cupiditate', '79429132212', 'rosella09@example.net', '0b27c5462f01023d6b762906751b61ec28697222', 'Williamsonfurt', '1996-01-13 00:21:15', '1984-12-26 07:17:15', 1);
INSERT INTO `users` (`id`, `nickname`, `phone`, `email`, `password`, `city`, `created_at`, `updated_at`, `is_active`) VALUES (49, 'maxime', '79661034909', 'josh00@example.org', '0881498f9a1195c305745f8cf3b9b81a5da53e7c', 'East Sherwood', '2002-04-23 11:32:27', '1975-12-29 07:10:19', 0);
INSERT INTO `users` (`id`, `nickname`, `phone`, `email`, `password`, `city`, `created_at`, `updated_at`, `is_active`) VALUES (50, 'aut', '79210006878', 'demarcus86@example.com', '3336d6931be11f2893efe72c83df24f848ed06c0', 'McClurestad', '1985-03-16 11:54:45', '2014-07-18 15:51:28', 0);
INSERT INTO `users` (`id`, `nickname`, `phone`, `email`, `password`, `city`, `created_at`, `updated_at`, `is_active`) VALUES (51, 'sed', '79718439754', 'maude.armstrong@example.net', '6e0b76dcba892ab941fbb4e32c0d6192c9278429', 'South Nelda', '2006-08-24 04:45:56', '1999-10-16 21:24:41', 1);
INSERT INTO `users` (`id`, `nickname`, `phone`, `email`, `password`, `city`, `created_at`, `updated_at`, `is_active`) VALUES (52, 'nemo', '79778555997', 'miller19@example.net', '2a61b34a8421f062ab7411c24310c35a2310d0d6', 'West Annaport', '2013-07-30 17:42:21', '1983-08-13 23:07:35', 0);
INSERT INTO `users` (`id`, `nickname`, `phone`, `email`, `password`, `city`, `created_at`, `updated_at`, `is_active`) VALUES (53, 'odit', '79617300287', 'geo24@example.com', '8498892c3600800a5559a0723255c2d90e6719ff', 'Theresiafort', '2018-03-13 14:51:42', '2018-01-19 21:56:14', 1);
INSERT INTO `users` (`id`, `nickname`, `phone`, `email`, `password`, `city`, `created_at`, `updated_at`, `is_active`) VALUES (54, 'vitae', '79270684819', 'bailey.monte@example.net', '40856eedffa53e95ddb5e0dfeeb9a08781e60ed0', 'Tonyton', '1993-08-13 05:26:22', '1978-05-16 08:53:13', 0);
INSERT INTO `users` (`id`, `nickname`, `phone`, `email`, `password`, `city`, `created_at`, `updated_at`, `is_active`) VALUES (55, 'non', '79919963228', 'kristoffer.tillman@example.net', '15ddeba5c79f951d67f48e21574d3b3f59b0d292', 'Luettgenside', '1979-12-31 17:15:51', '1989-10-04 08:24:20', 1);
INSERT INTO `users` (`id`, `nickname`, `phone`, `email`, `password`, `city`, `created_at`, `updated_at`, `is_active`) VALUES (56, 'eius', '79483201494', 'esta.abernathy@example.org', '0644bce9d6583d73f77da7fb51c003cdeb91b997', 'Goodwinborough', '1979-07-22 12:00:52', '2007-06-02 20:18:58', 0);
INSERT INTO `users` (`id`, `nickname`, `phone`, `email`, `password`, `city`, `created_at`, `updated_at`, `is_active`) VALUES (57, 'pariatur', '79492627480', 'raina.ullrich@example.org', '6095a8c7ee7ea77630f39f8f319f78db07f24b70', 'Verdieville', '1981-08-11 10:34:20', '2002-01-30 20:02:41', 0);
INSERT INTO `users` (`id`, `nickname`, `phone`, `email`, `password`, `city`, `created_at`, `updated_at`, `is_active`) VALUES (58, 'aspernatur', '79058194522', 'pfeffer.laverne@example.net', '3939f286d91ad5a80115ca1430f1ebc80bb7f70d', 'West Ianland', '1976-06-13 17:17:42', '1973-05-17 01:09:19', 1);
INSERT INTO `users` (`id`, `nickname`, `phone`, `email`, `password`, `city`, `created_at`, `updated_at`, `is_active`) VALUES (59, 'ea', '79800115877', 'norris76@example.com', '7360543e5742e7c0dd367d05e569e1dce8d0a1cc', 'Lelahshire', '1984-10-21 18:05:05', '2012-06-16 07:34:31', 1);
INSERT INTO `users` (`id`, `nickname`, `phone`, `email`, `password`, `city`, `created_at`, `updated_at`, `is_active`) VALUES (60, 'vel', '79541007151', 'lmorar@example.org', 'f2525c68f92305181e9193acbae1b7d721fa3b59', 'New Orionchester', '1979-03-28 20:11:12', '1996-07-02 17:07:13', 1);
INSERT INTO `users` (`id`, `nickname`, `phone`, `email`, `password`, `city`, `created_at`, `updated_at`, `is_active`) VALUES (61, 'doloremque', '79611885334', 'tess96@example.org', '29c2c9b7f56884e1567fa4fed75f9594f755561e', 'Kileyside', '1981-06-12 06:45:38', '2014-01-02 01:18:31', 0);
INSERT INTO `users` (`id`, `nickname`, `phone`, `email`, `password`, `city`, `created_at`, `updated_at`, `is_active`) VALUES (62, 'dolorum', '79474601710', 'mohamed84@example.net', 'c46702d9639b22954e3471a19121ea936329ef12', 'North Talonstad', '1982-06-13 11:34:52', '1977-09-14 20:33:45', 1);
INSERT INTO `users` (`id`, `nickname`, `phone`, `email`, `password`, `city`, `created_at`, `updated_at`, `is_active`) VALUES (63, 'corporis', '79405654871', 'bergstrom.cali@example.com', 'e7d3f1d627a908b1cef765d110441adb86275500', 'North Lorna', '2000-10-17 02:06:27', '2009-09-16 10:12:54', 0);
INSERT INTO `users` (`id`, `nickname`, `phone`, `email`, `password`, `city`, `created_at`, `updated_at`, `is_active`) VALUES (64, 'tempore', '79074981968', 'damaris67@example.org', '5ea4550928b78bc9a31b9dd9612b88fe2904d898', 'Sylvanstad', '2017-12-31 19:40:41', '1972-12-14 12:10:52', 0);
INSERT INTO `users` (`id`, `nickname`, `phone`, `email`, `password`, `city`, `created_at`, `updated_at`, `is_active`) VALUES (65, 'sint', '79350762703', 'gutkowski.mckenzie@example.com', 'dc2c6f5ab468e05f6ecdd13cbf53acc3ae79e95f', 'Vonfurt', '1988-09-07 03:35:27', '1987-12-06 07:02:36', 1);
INSERT INTO `users` (`id`, `nickname`, `phone`, `email`, `password`, `city`, `created_at`, `updated_at`, `is_active`) VALUES (66, 'saepe', '79029654867', 'ritchie.ruben@example.com', '28a4fb26e76d4f195a13951b161d412f9bb5f0b4', 'Rolfsonbury', '1988-06-08 22:22:08', '1970-03-18 01:17:39', 0);
INSERT INTO `users` (`id`, `nickname`, `phone`, `email`, `password`, `city`, `created_at`, `updated_at`, `is_active`) VALUES (67, 'ipsum', '79209414798', 'kyle69@example.com', '7d513428867a48c4325651dd2a76fdb87522f214', 'New Ozellaview', '2005-11-14 10:38:33', '1992-08-24 16:42:43', 1);
INSERT INTO `users` (`id`, `nickname`, `phone`, `email`, `password`, `city`, `created_at`, `updated_at`, `is_active`) VALUES (68, 'quia', '79352161647', 'ho\'reilly@example.com', '55484999e2d05096eecd8b408d0de3441fd90edf', 'Buckridgeton', '2000-08-08 19:53:18', '1979-03-20 18:18:10', 1);
INSERT INTO `users` (`id`, `nickname`, `phone`, `email`, `password`, `city`, `created_at`, `updated_at`, `is_active`) VALUES (69, 'tempora', '79933956312', 'hickle.mattie@example.net', '14caab5e3c2b2e155a6f581b0fc58b16ed3f45c3', 'East Joelmouth', '1998-01-31 12:19:27', '1995-11-14 19:05:30', 1);
INSERT INTO `users` (`id`, `nickname`, `phone`, `email`, `password`, `city`, `created_at`, `updated_at`, `is_active`) VALUES (70, 'in', '79172299436', 'gbeahan@example.com', '5eb6aa627c619ba3b21abadc06c9ffff2e96d6bf', 'Gleichnerberg', '1995-11-15 15:32:51', '1991-11-11 18:51:04', 0);
INSERT INTO `users` (`id`, `nickname`, `phone`, `email`, `password`, `city`, `created_at`, `updated_at`, `is_active`) VALUES (71, 'molestias', '79975537365', 'ricky.roob@example.org', '374effec6c4a407671f318d95e7ce7510530ac50', 'Lake Alexzander', '1977-11-20 08:54:55', '1984-12-23 22:49:02', 1);
INSERT INTO `users` (`id`, `nickname`, `phone`, `email`, `password`, `city`, `created_at`, `updated_at`, `is_active`) VALUES (72, 'distinctio', '79951336221', 'nolan30@example.com', '62d5395fe65e76f9add8d4383beda747e57f8fde', 'South Arielmouth', '1973-04-21 20:29:43', '1984-04-10 12:21:33', 1);
INSERT INTO `users` (`id`, `nickname`, `phone`, `email`, `password`, `city`, `created_at`, `updated_at`, `is_active`) VALUES (73, 'deserunt', '79614418942', 'vlakin@example.org', 'b2238acd0d09a4642066e1b48a9c56b6f99ed4b5', 'Port Garretview', '2009-04-09 22:46:26', '1982-02-03 03:02:07', 0);
INSERT INTO `users` (`id`, `nickname`, `phone`, `email`, `password`, `city`, `created_at`, `updated_at`, `is_active`) VALUES (74, 'quas', '79806735311', 'bailey.brandyn@example.org', '549b8a305a3f6f9ce7527ba52c49d05144c56e7a', 'West Adolftown', '2012-03-29 14:23:25', '2005-07-19 10:21:00', 0);
INSERT INTO `users` (`id`, `nickname`, `phone`, `email`, `password`, `city`, `created_at`, `updated_at`, `is_active`) VALUES (75, 'numquam', '79114486346', 'leatha29@example.org', '7d38f6f8cdb5e5279eb03067f6d297d92628d4aa', 'Schaefershire', '1993-08-28 10:21:15', '1973-07-06 20:02:56', 1);
INSERT INTO `users` (`id`, `nickname`, `phone`, `email`, `password`, `city`, `created_at`, `updated_at`, `is_active`) VALUES (76, 'asperiores', '79649991682', 'scottie14@example.com', '75bc34c6f2357f880c20143e8ea8a69aaa9d4113', 'Giuseppeside', '2004-10-28 02:34:28', '1993-04-27 05:19:41', 0);
INSERT INTO `users` (`id`, `nickname`, `phone`, `email`, `password`, `city`, `created_at`, `updated_at`, `is_active`) VALUES (77, 'quis', '79447167023', 'champlin.shad@example.net', '1559d3086be87e1da54a14fa8030b9e10ad3eb2f', 'Harristown', '1991-04-21 19:30:38', '1971-05-28 01:34:49', 1);
INSERT INTO `users` (`id`, `nickname`, `phone`, `email`, `password`, `city`, `created_at`, `updated_at`, `is_active`) VALUES (78, 'inventore', '79664473665', 'hoppe.dianna@example.com', 'e68a97375faa27bd3dc8659f41c3cee208e6e1e5', 'Florinefort', '2008-02-13 21:58:31', '2018-01-04 07:27:45', 1);
INSERT INTO `users` (`id`, `nickname`, `phone`, `email`, `password`, `city`, `created_at`, `updated_at`, `is_active`) VALUES (79, 'culpa', '79894112686', 'dominic93@example.org', '07e36251721269ad0664f034b9ae3527906a8869', 'New Jessicaville', '2013-03-22 22:10:04', '2018-10-13 19:11:13', 0);
INSERT INTO `users` (`id`, `nickname`, `phone`, `email`, `password`, `city`, `created_at`, `updated_at`, `is_active`) VALUES (80, 'voluptates', '79697164875', 'hulda83@example.net', 'ce37a31818a2848694a5d1f0e79916ea095bbde6', 'South Roxanne', '2012-09-24 11:51:22', '1983-02-03 16:44:23', 0);
INSERT INTO `users` (`id`, `nickname`, `phone`, `email`, `password`, `city`, `created_at`, `updated_at`, `is_active`) VALUES (81, 'magnam', '79229050415', 'toby.padberg@example.com', 'ace6545cc3fe9db19acf60504d61c26175924f29', 'Bradtketown', '2010-10-30 18:27:25', '1971-01-20 23:12:07', 1);
INSERT INTO `users` (`id`, `nickname`, `phone`, `email`, `password`, `city`, `created_at`, `updated_at`, `is_active`) VALUES (82, 'quidem', '79425322929', 'ftreutel@example.org', '4fa7acabe17820d2fcc7757c21db1a5983c72051', 'New Nathanial', '1970-12-27 15:44:41', '1971-07-21 00:18:10', 0);
INSERT INTO `users` (`id`, `nickname`, `phone`, `email`, `password`, `city`, `created_at`, `updated_at`, `is_active`) VALUES (83, 'debitis', '79731809227', 'hschultz@example.net', '940bf09caef173f4f95ba6bd5434535f3d1c66c9', 'Alexandromouth', '2010-09-29 12:52:32', '1992-09-18 20:48:40', 0);
INSERT INTO `users` (`id`, `nickname`, `phone`, `email`, `password`, `city`, `created_at`, `updated_at`, `is_active`) VALUES (84, 'dolor', '79429073272', 'elva31@example.net', '58abc5119ba68ef1c18c18979249d82582d6992e', 'Tryciaside', '2007-10-12 08:49:12', '1979-05-06 09:16:16', 1);
INSERT INTO `users` (`id`, `nickname`, `phone`, `email`, `password`, `city`, `created_at`, `updated_at`, `is_active`) VALUES (85, 'beatae', '79899436667', 'iabernathy@example.net', '5658a8c94bfe3bf9bb1b021df0d79ae7a3e587a6', 'North Marjolaineview', '1992-01-01 12:05:07', '1990-03-02 03:43:07', 1);
INSERT INTO `users` (`id`, `nickname`, `phone`, `email`, `password`, `city`, `created_at`, `updated_at`, `is_active`) VALUES (86, 'voluptatibus', '79088587811', 'xmohr@example.net', '8e9b6c459a82d6d10c3cbeb579027a35993b83a0', 'Walshhaven', '1986-09-08 16:35:58', '2004-12-03 07:19:05', 0);
INSERT INTO `users` (`id`, `nickname`, `phone`, `email`, `password`, `city`, `created_at`, `updated_at`, `is_active`) VALUES (87, 'molestiae', '79504008316', 'zboehm@example.net', '51e410400c3afc3bebce8c8b1d4dc4475e203e03', 'Arianeview', '2009-11-10 10:11:19', '1983-01-26 10:19:41', 1);
INSERT INTO `users` (`id`, `nickname`, `phone`, `email`, `password`, `city`, `created_at`, `updated_at`, `is_active`) VALUES (88, 'placeat', '79108457759', 'eleanora64@example.net', 'a6a6dd6198401f1d4a5d6d776defe55e2210acda', 'New Lila', '1991-01-30 07:53:15', '2001-07-11 03:47:13', 0);
INSERT INTO `users` (`id`, `nickname`, `phone`, `email`, `password`, `city`, `created_at`, `updated_at`, `is_active`) VALUES (89, 'mollitia', '79048995146', 'brian.harber@example.net', '0b01390fc3d515b8c9f9ec79471b81a614517671', 'Lake Casandraberg', '2009-09-23 08:55:28', '1974-06-07 15:18:09', 0);
INSERT INTO `users` (`id`, `nickname`, `phone`, `email`, `password`, `city`, `created_at`, `updated_at`, `is_active`) VALUES (90, 'esse', '79527942401', 'annamarie.gutmann@example.org', '40c482d6da9342eb4cb0e32587911f69c61299be', 'Port Dylanbury', '1982-07-15 15:18:27', '2009-10-24 19:31:11', 1);
INSERT INTO `users` (`id`, `nickname`, `phone`, `email`, `password`, `city`, `created_at`, `updated_at`, `is_active`) VALUES (91, 'adipisci', '79673011995', 'margot13@example.org', 'dab0b78efd15e46d6720440f1e2e724163bf6eef', 'New Shanelle', '2017-04-23 06:04:05', '1991-12-14 06:06:31', 0);
INSERT INTO `users` (`id`, `nickname`, `phone`, `email`, `password`, `city`, `created_at`, `updated_at`, `is_active`) VALUES (92, 'assumenda', '79061474553', 'parker64@example.net', 'ff3a251c66793d140b2aa81159ece1fc9a0f0a13', 'Bergemouth', '1982-01-12 16:00:00', '1989-01-13 16:23:49', 0);
INSERT INTO `users` (`id`, `nickname`, `phone`, `email`, `password`, `city`, `created_at`, `updated_at`, `is_active`) VALUES (93, 'tenetur', '79050277380', 'esther79@example.org', '6eeb105bcc08e454c41e7935e1d88f32cdff6059', 'Bauchmouth', '1971-07-11 02:05:27', '2004-07-30 22:32:42', 0);
INSERT INTO `users` (`id`, `nickname`, `phone`, `email`, `password`, `city`, `created_at`, `updated_at`, `is_active`) VALUES (94, 'aliquid', '79836325979', 'lubowitz.junior@example.com', 'afa021306afed69fcb47c09e1078602e736795cb', 'East Serenityburgh', '2020-03-14 14:06:02', '1970-12-27 15:39:56', 1);
INSERT INTO `users` (`id`, `nickname`, `phone`, `email`, `password`, `city`, `created_at`, `updated_at`, `is_active`) VALUES (95, 'nulla', '79332526072', 'alvina82@example.org', '493d7702d5ddd7ae5ebf41d73507772ab3b21bba', 'Shayneview', '2005-02-15 19:48:33', '1993-02-05 17:18:16', 1);
INSERT INTO `users` (`id`, `nickname`, `phone`, `email`, `password`, `city`, `created_at`, `updated_at`, `is_active`) VALUES (96, 'eos', '79962913205', 'dakota44@example.com', 'c86f4d9c8f9fa023741ba40c96c1179c88593947', 'Kubville', '1972-10-09 19:42:45', '1990-07-18 19:12:33', 0);
INSERT INTO `users` (`id`, `nickname`, `phone`, `email`, `password`, `city`, `created_at`, `updated_at`, `is_active`) VALUES (97, 'minima', '79799032570', 'dickinson.sienna@example.com', '7e843af4e660cd06a6f93ab8bf0d8da84cc6663b', 'North Kenyon', '1970-06-05 20:30:50', '1980-10-20 03:11:50', 0);
INSERT INTO `users` (`id`, `nickname`, `phone`, `email`, `password`, `city`, `created_at`, `updated_at`, `is_active`) VALUES (98, 'totam', '79641538735', 'sydni39@example.org', 'c501e931a1419510e0f0920d6eb7c9f396cb4b18', 'West Chaya', '1983-04-16 07:15:30', '1985-10-07 06:47:23', 1);
INSERT INTO `users` (`id`, `nickname`, `phone`, `email`, `password`, `city`, `created_at`, `updated_at`, `is_active`) VALUES (99, 'necessitatibus', '79182460261', 'odessa.bartell@example.com', 'd29a198953d8b7fe69ebf2c6a646c4728c1863c5', 'Lake Alvis', '1992-08-12 09:34:37', '1989-05-09 17:54:10', 0);
INSERT INTO `users` (`id`, `nickname`, `phone`, `email`, `password`, `city`, `created_at`, `updated_at`, `is_active`) VALUES (100, 'accusamus', '79166287436', 'leffler.ernestine@example.org', '4a5b4568682f5dc38e2c5385929de5e9e35ef1fe', 'Port Imogene', '1971-02-25 15:59:17', '2009-02-25 22:27:07', 0);


-- conditions
INSERT INTO `conditions` (`id`, `name`) VALUES (1, 'new');
INSERT INTO `conditions` (`id`, `name`) VALUES (2, 'mint');
INSERT INTO `conditions` (`id`, `name`) VALUES (3, 'good');
INSERT INTO `conditions` (`id`, `name`) VALUES (4, 'satisfactory');
INSERT INTO `conditions` (`id`, `name`) VALUES (5, 'broken');


-- categories
INSERT INTO `categories` (`id`, `name`) VALUES (1, 'electronics');
INSERT INTO `categories` (`id`, `name`) VALUES (2, 'clothes');
INSERT INTO `categories` (`id`, `name`) VALUES (3, 'musical instruments');
INSERT INTO `categories` (`id`, `name`) VALUES (4, 'household products');
INSERT INTO `categories` (`id`, `name`) VALUES (5, 'pet supplies');
INSERT INTO `categories` (`id`, `name`) VALUES (6, 'sporting goods');
INSERT INTO `categories` (`id`, `name`) VALUES (7, 'kitchenware');
INSERT INTO `categories` (`id`, `name`) VALUES (8, 'hobbies and creativity');
INSERT INTO `categories` (`id`, `name`) VALUES (9, 'cars');
INSERT INTO `categories` (`id`, `name`) VALUES (10, 'property');
INSERT INTO `categories` (`id`, `name`) VALUES (11, 'foodstuffs');
INSERT INTO `categories` (`id`, `name`) VALUES (12, 'medicines');
INSERT INTO `categories` (`id`, `name`) VALUES (13, 'business equipment');


-- goods
INSERT INTO `goods` (`id`, `brand`, `model`, `category_id`) VALUES (1, 'repellat', 'soluta', 1);
INSERT INTO `goods` (`id`, `brand`, `model`, `category_id`) VALUES (2, 'delectus', 'dolore', 2);
INSERT INTO `goods` (`id`, `brand`, `model`, `category_id`) VALUES (3, 'error', 'qui', 3);
INSERT INTO `goods` (`id`, `brand`, `model`, `category_id`) VALUES (4, 'veritatis', 'et', 4);
INSERT INTO `goods` (`id`, `brand`, `model`, `category_id`) VALUES (5, 'nostrum', 'sunt', 5);
INSERT INTO `goods` (`id`, `brand`, `model`, `category_id`) VALUES (6, 'velit', 'odit', 6);
INSERT INTO `goods` (`id`, `brand`, `model`, `category_id`) VALUES (7, 'cum', 'ex', 7);
INSERT INTO `goods` (`id`, `brand`, `model`, `category_id`) VALUES (8, 'placeat', 'ut', 8);
INSERT INTO `goods` (`id`, `brand`, `model`, `category_id`) VALUES (9, 'sit', 'ullam', 9);
INSERT INTO `goods` (`id`, `brand`, `model`, `category_id`) VALUES (10, 'ducimus', 'delectus', 10);
INSERT INTO `goods` (`id`, `brand`, `model`, `category_id`) VALUES (11, 'id', 'voluptates', 11);
INSERT INTO `goods` (`id`, `brand`, `model`, `category_id`) VALUES (12, 'rerum', 'eligendi', 12);
INSERT INTO `goods` (`id`, `brand`, `model`, `category_id`) VALUES (13, 'corporis', 'assumenda', 13);
INSERT INTO `goods` (`id`, `brand`, `model`, `category_id`) VALUES (14, 'qui', 'quidem', 1);
INSERT INTO `goods` (`id`, `brand`, `model`, `category_id`) VALUES (15, 'dignissimos', 'qui', 2);
INSERT INTO `goods` (`id`, `brand`, `model`, `category_id`) VALUES (16, 'ipsum', 'officia', 3);
INSERT INTO `goods` (`id`, `brand`, `model`, `category_id`) VALUES (17, 'quia', 'accusamus', 4);
INSERT INTO `goods` (`id`, `brand`, `model`, `category_id`) VALUES (18, 'corrupti', 'reprehenderit', 5);
INSERT INTO `goods` (`id`, `brand`, `model`, `category_id`) VALUES (19, 'consequatur', 'velit', 6);
INSERT INTO `goods` (`id`, `brand`, `model`, `category_id`) VALUES (20, 'est', 'quia', 13);
INSERT INTO `goods` (`id`, `brand`, `model`, `category_id`) VALUES (21, 'veniam', 'dolorum', 8);
INSERT INTO `goods` (`id`, `brand`, `model`, `category_id`) VALUES (22, 'est', 'tempora', 9);
INSERT INTO `goods` (`id`, `brand`, `model`, `category_id`) VALUES (23, 'corrupti', 'quae', 10);
INSERT INTO `goods` (`id`, `brand`, `model`, `category_id`) VALUES (24, 'maiores', 'fugiat', 11);
INSERT INTO `goods` (`id`, `brand`, `model`, `category_id`) VALUES (25, 'ea', 'omnis', 12);
INSERT INTO `goods` (`id`, `brand`, `model`, `category_id`) VALUES (26, 'omnis', 'unde', 13);
INSERT INTO `goods` (`id`, `brand`, `model`, `category_id`) VALUES (27, 'veritatis', 'asperiores', 1);
INSERT INTO `goods` (`id`, `brand`, `model`, `category_id`) VALUES (28, 'nobis', 'expedita', 2);
INSERT INTO `goods` (`id`, `brand`, `model`, `category_id`) VALUES (29, 'esse', 'qui', 3);
INSERT INTO `goods` (`id`, `brand`, `model`, `category_id`) VALUES (30, 'hic', 'dignissimos', 13);
INSERT INTO `goods` (`id`, `brand`, `model`, `category_id`) VALUES (31, 'praesentium', 'non', 5);
INSERT INTO `goods` (`id`, `brand`, `model`, `category_id`) VALUES (32, 'voluptates', 'eveniet', 13);
INSERT INTO `goods` (`id`, `brand`, `model`, `category_id`) VALUES (33, 'enim', 'nostrum', 7);
INSERT INTO `goods` (`id`, `brand`, `model`, `category_id`) VALUES (34, 'repudiandae', 'sint', 8);
INSERT INTO `goods` (`id`, `brand`, `model`, `category_id`) VALUES (35, 'sit', 'quos', 9);
INSERT INTO `goods` (`id`, `brand`, `model`, `category_id`) VALUES (36, 'earum', 'voluptas', 10);
INSERT INTO `goods` (`id`, `brand`, `model`, `category_id`) VALUES (37, 'et', 'vel', 11);
INSERT INTO `goods` (`id`, `brand`, `model`, `category_id`) VALUES (38, 'reiciendis', 'ut', 12);
INSERT INTO `goods` (`id`, `brand`, `model`, `category_id`) VALUES (39, 'maiores', 'ut', 13);
INSERT INTO `goods` (`id`, `brand`, `model`, `category_id`) VALUES (40, 'esse', 'officiis', 1);
INSERT INTO `goods` (`id`, `brand`, `model`, `category_id`) VALUES (41, 'aut', 'eaque', 2);
INSERT INTO `goods` (`id`, `brand`, `model`, `category_id`) VALUES (42, 'ipsa', 'sed', 3);
INSERT INTO `goods` (`id`, `brand`, `model`, `category_id`) VALUES (43, 'inventore', 'eos', 4);
INSERT INTO `goods` (`id`, `brand`, `model`, `category_id`) VALUES (44, 'et', 'voluptatibus', 5);
INSERT INTO `goods` (`id`, `brand`, `model`, `category_id`) VALUES (45, 'nam', 'non', 6);
INSERT INTO `goods` (`id`, `brand`, `model`, `category_id`) VALUES (46, 'cum', 'labore', 7);
INSERT INTO `goods` (`id`, `brand`, `model`, `category_id`) VALUES (47, 'earum', 'saepe', 8);
INSERT INTO `goods` (`id`, `brand`, `model`, `category_id`) VALUES (48, 'enim', 'sunt', 9);
INSERT INTO `goods` (`id`, `brand`, `model`, `category_id`) VALUES (49, 'dicta', 'fugiat', 10);
INSERT INTO `goods` (`id`, `brand`, `model`, `category_id`) VALUES (50, 'porro', 'nobis', 11);
INSERT INTO `goods` (`id`, `brand`, `model`, `category_id`) VALUES (51, 'facere', 'est', 12);
INSERT INTO `goods` (`id`, `brand`, `model`, `category_id`) VALUES (52, 'sed', 'qui', 13);
INSERT INTO `goods` (`id`, `brand`, `model`, `category_id`) VALUES (53, 'non', 'earum', 1);
INSERT INTO `goods` (`id`, `brand`, `model`, `category_id`) VALUES (54, 'est', 'et', 2);
INSERT INTO `goods` (`id`, `brand`, `model`, `category_id`) VALUES (55, 'dolorem', 'consequatur', 3);
INSERT INTO `goods` (`id`, `brand`, `model`, `category_id`) VALUES (56, 'enim', 'hic', 4);
INSERT INTO `goods` (`id`, `brand`, `model`, `category_id`) VALUES (57, 'optio', 'consequatur', 5);
INSERT INTO `goods` (`id`, `brand`, `model`, `category_id`) VALUES (58, 'earum', 'neque', 6);
INSERT INTO `goods` (`id`, `brand`, `model`, `category_id`) VALUES (59, 'similique', 'commodi', 7);
INSERT INTO `goods` (`id`, `brand`, `model`, `category_id`) VALUES (60, 'repudiandae', 'dolor', 8);
INSERT INTO `goods` (`id`, `brand`, `model`, `category_id`) VALUES (61, 'id', 'repellat', 9);
INSERT INTO `goods` (`id`, `brand`, `model`, `category_id`) VALUES (62, 'aut', 'est', 10);
INSERT INTO `goods` (`id`, `brand`, `model`, `category_id`) VALUES (63, 'rerum', 'sed', 11);
INSERT INTO `goods` (`id`, `brand`, `model`, `category_id`) VALUES (64, 'voluptatum', 'expedita', 12);
INSERT INTO `goods` (`id`, `brand`, `model`, `category_id`) VALUES (65, 'excepturi', 'pariatur', 13);
INSERT INTO `goods` (`id`, `brand`, `model`, `category_id`) VALUES (66, 'saepe', 'eveniet', 1);
INSERT INTO `goods` (`id`, `brand`, `model`, `category_id`) VALUES (67, 'omnis', 'nemo', 2);
INSERT INTO `goods` (`id`, `brand`, `model`, `category_id`) VALUES (68, 'nemo', 'tempora', 3);
INSERT INTO `goods` (`id`, `brand`, `model`, `category_id`) VALUES (69, 'voluptatem', 'error', 4);
INSERT INTO `goods` (`id`, `brand`, `model`, `category_id`) VALUES (70, 'rerum', 'veniam', 5);
INSERT INTO `goods` (`id`, `brand`, `model`, `category_id`) VALUES (71, 'totam', 'id', 6);
INSERT INTO `goods` (`id`, `brand`, `model`, `category_id`) VALUES (72, 'magni', 'voluptatem', 7);
INSERT INTO `goods` (`id`, `brand`, `model`, `category_id`) VALUES (73, 'unde', 'ex', 8);
INSERT INTO `goods` (`id`, `brand`, `model`, `category_id`) VALUES (74, 'modi', 'ut', 9);
INSERT INTO `goods` (`id`, `brand`, `model`, `category_id`) VALUES (75, 'in', 'facilis', 10);
INSERT INTO `goods` (`id`, `brand`, `model`, `category_id`) VALUES (76, 'nihil', 'cupiditate', 11);
INSERT INTO `goods` (`id`, `brand`, `model`, `category_id`) VALUES (77, 'beatae', 'dolore', 12);
INSERT INTO `goods` (`id`, `brand`, `model`, `category_id`) VALUES (78, 'est', 'nesciunt', 13);
INSERT INTO `goods` (`id`, `brand`, `model`, `category_id`) VALUES (79, 'qui', 'perspiciatis', 1);
INSERT INTO `goods` (`id`, `brand`, `model`, `category_id`) VALUES (80, 'nulla', 'sit', 2);
INSERT INTO `goods` (`id`, `brand`, `model`, `category_id`) VALUES (81, 'ducimus', 'quas', 3);
INSERT INTO `goods` (`id`, `brand`, `model`, `category_id`) VALUES (82, 'qui', 'molestiae', 4);


-- properties
INSERT INTO `properties` (`id`, `name`) VALUES (1, 'size');
INSERT INTO `properties` (`id`, `name`) VALUES (2, 'height');
INSERT INTO `properties` (`id`, `name`) VALUES (3, 'width');
INSERT INTO `properties` (`id`, `name`) VALUES (4, 'depth');
INSERT INTO `properties` (`id`, `name`) VALUES (5, 'weight');
INSERT INTO `properties` (`id`, `name`) VALUES (6, 'volume');
INSERT INTO `properties` (`id`, `name`) VALUES (7, 'power');
INSERT INTO `properties` (`id`, `name`) VALUES (8, 'energy consumption');
INSERT INTO `properties` (`id`, `name`) VALUES (9, 'autonomous work');
INSERT INTO `properties` (`id`, `name`) VALUES (10, 'material');
INSERT INTO `properties` (`id`, `name`) VALUES (11, 'square');
INSERT INTO `properties` (`id`, `name`) VALUES (12, 'shelf life');
INSERT INTO `properties` (`id`, `name`) VALUES (13, 'use temperature');


-- deals
INSERT INTO `deals` (`id`, `status`, `seller_id`, `goods_id`, `title`, `deal_start`, `deal_end`, `price_start`, `price_early`, `price_current`) VALUES (1, 2, 1, 1, 'maiores', '1999-02-17 04:24:27', '2020-02-17 04:24:27', 1955, NULL, 1955);
INSERT INTO `deals` (`id`, `status`, `seller_id`, `goods_id`, `title`, `deal_start`, `deal_end`, `price_start`, `price_early`, `price_current`) VALUES (2, 2, 2, 2, 'ipsa', '2003-11-16 22:44:00', '2020-11-16 22:44:00', 3162, 88663, 3162);
INSERT INTO `deals` (`id`, `status`, `seller_id`, `goods_id`, `title`, `deal_start`, `deal_end`, `price_start`, `price_early`, `price_current`) VALUES (3, 0, 3, 3, 'qui', '2020-07-05 06:32:23', '2020-07-05 06:32:23', 2291, NULL, 2291);
INSERT INTO `deals` (`id`, `status`, `seller_id`, `goods_id`, `title`, `deal_start`, `deal_end`, `price_start`, `price_early`, `price_current`) VALUES (4, 1, 4, 4, 'neque', '2015-12-18 05:33:53', '2022-12-18 05:33:53', 558, NULL, 558);
INSERT INTO `deals` (`id`, `status`, `seller_id`, `goods_id`, `title`, `deal_start`, `deal_end`, `price_start`, `price_early`, `price_current`) VALUES (5, 2, 5, 5, 'earum', '1980-09-14 10:09:54', '2020-09-14 10:09:54', 891, NULL, 891);
INSERT INTO `deals` (`id`, `status`, `seller_id`, `goods_id`, `title`, `deal_start`, `deal_end`, `price_start`, `price_early`, `price_current`) VALUES (6, 2, 6, 6, 'corrupti', '2005-06-22 20:58:36', '2020-06-22 20:58:36', 3861, 215506, 3861);
INSERT INTO `deals` (`id`, `status`, `seller_id`, `goods_id`, `title`, `deal_start`, `deal_end`, `price_start`, `price_early`, `price_current`) VALUES (7, 1, 7, 7, 'itaque', '1987-07-10 12:09:05', '2020-07-10 12:09:05', 178, 11399, 178);
INSERT INTO `deals` (`id`, `status`, `seller_id`, `goods_id`, `title`, `deal_start`, `deal_end`, `price_start`, `price_early`, `price_current`) VALUES (8, 0, 8, 8, 'recusandae', '1995-02-28 09:46:32', '2020-02-28 09:46:32', 1565, NULL, 1565);
INSERT INTO `deals` (`id`, `status`, `seller_id`, `goods_id`, `title`, `deal_start`, `deal_end`, `price_start`, `price_early`, `price_current`) VALUES (9, 2, 9, 9, 'sunt', '2001-01-03 19:56:50', '2020-01-03 19:56:50', 682, 150808, 682);
INSERT INTO `deals` (`id`, `status`, `seller_id`, `goods_id`, `title`, `deal_start`, `deal_end`, `price_start`, `price_early`, `price_current`) VALUES (10, 2, 10, 10, 'ut', '1983-07-08 18:43:07', '2020-07-08 18:43:07', 1760, NULL, 1760);
INSERT INTO `deals` (`id`, `status`, `seller_id`, `goods_id`, `title`, `deal_start`, `deal_end`, `price_start`, `price_early`, `price_current`) VALUES (11, 1, 11, 11, 'omnis', '1971-10-31 08:49:43', '2020-10-31 08:49:43', 4253, NULL, 4253);
INSERT INTO `deals` (`id`, `status`, `seller_id`, `goods_id`, `title`, `deal_start`, `deal_end`, `price_start`, `price_early`, `price_current`) VALUES (12, 1, 12, 12, 'eveniet', '1988-02-29 16:11:10', '2020-02-29 16:11:10', 4322, 35625, 4322);
INSERT INTO `deals` (`id`, `status`, `seller_id`, `goods_id`, `title`, `deal_start`, `deal_end`, `price_start`, `price_early`, `price_current`) VALUES (13, 0, 13, 13, 'est', '1996-02-01 06:09:21', '2020-02-01 06:09:21', 2051, NULL, 2051);
INSERT INTO `deals` (`id`, `status`, `seller_id`, `goods_id`, `title`, `deal_start`, `deal_end`, `price_start`, `price_early`, `price_current`) VALUES (14, 1, 14, 14, 'minus', '1971-09-07 04:29:20', '2020-09-07 04:29:20', 5000, NULL, 5000);
INSERT INTO `deals` (`id`, `status`, `seller_id`, `goods_id`, `title`, `deal_start`, `deal_end`, `price_start`, `price_early`, `price_current`) VALUES (15, 0, 15, 15, 'fugit', '1998-02-08 02:11:58', '2020-02-08 02:11:58', 3003, NULL, 3003);
INSERT INTO `deals` (`id`, `status`, `seller_id`, `goods_id`, `title`, `deal_start`, `deal_end`, `price_start`, `price_early`, `price_current`) VALUES (16, 1, 16, 16, 'facilis', '1994-05-17 08:56:49', '2020-05-17 08:56:49', 1655, 106234, 1655);
INSERT INTO `deals` (`id`, `status`, `seller_id`, `goods_id`, `title`, `deal_start`, `deal_end`, `price_start`, `price_early`, `price_current`) VALUES (17, 1, 17, 17, 'dignissimos', '1983-10-05 20:39:44', '2020-10-05 20:39:44', 3246, 62707, 3246);
INSERT INTO `deals` (`id`, `status`, `seller_id`, `goods_id`, `title`, `deal_start`, `deal_end`, `price_start`, `price_early`, `price_current`) VALUES (18, 2, 18, 18, 'velit', '1988-10-24 14:18:21', '2020-10-24 14:18:21', 4193, 86712, 4193);
INSERT INTO `deals` (`id`, `status`, `seller_id`, `goods_id`, `title`, `deal_start`, `deal_end`, `price_start`, `price_early`, `price_current`) VALUES (19, 0, 19, 19, 'atque', '1988-10-28 13:28:56', '2020-10-28 13:28:56', 154, NULL, 154);
INSERT INTO `deals` (`id`, `status`, `seller_id`, `goods_id`, `title`, `deal_start`, `deal_end`, `price_start`, `price_early`, `price_current`) VALUES (20, 0, 20, 20, 'enim', '1992-12-18 04:49:19', '2022-12-18 04:49:19', 1022, NULL, 1022);
INSERT INTO `deals` (`id`, `status`, `seller_id`, `goods_id`, `title`, `deal_start`, `deal_end`, `price_start`, `price_early`, `price_current`) VALUES (21, 0, 21, 21, 'rerum', '1985-07-20 14:33:57', '2020-07-20 14:33:57', 2731, NULL, 2731);
INSERT INTO `deals` (`id`, `status`, `seller_id`, `goods_id`, `title`, `deal_start`, `deal_end`, `price_start`, `price_early`, `price_current`) VALUES (22, 2, 22, 22, 'delectus', '2008-07-20 00:41:05', '2020-07-20 00:41:05', 3924, 196990, 3924);
INSERT INTO `deals` (`id`, `status`, `seller_id`, `goods_id`, `title`, `deal_start`, `deal_end`, `price_start`, `price_early`, `price_current`) VALUES (23, 2, 23, 23, 'voluptas', '1972-11-03 06:17:14', '2020-11-03 06:17:14', 2145, NULL, 2145);
INSERT INTO `deals` (`id`, `status`, `seller_id`, `goods_id`, `title`, `deal_start`, `deal_end`, `price_start`, `price_early`, `price_current`) VALUES (24, 2, 24, 24, 'repudiandae', '1972-06-06 17:58:05', '2020-06-06 17:58:05', 4537, NULL, 4537);
INSERT INTO `deals` (`id`, `status`, `seller_id`, `goods_id`, `title`, `deal_start`, `deal_end`, `price_start`, `price_early`, `price_current`) VALUES (25, 0, 25, 25, 'alias', '2009-08-01 17:13:21', '2020-08-01 17:13:21', 1447, 60640, 1447);
INSERT INTO `deals` (`id`, `status`, `seller_id`, `goods_id`, `title`, `deal_start`, `deal_end`, `price_start`, `price_early`, `price_current`) VALUES (26, 2, 26, 26, 'et', '1992-06-15 03:17:32', '2020-06-15 03:17:32', 3935, NULL, 3935);
INSERT INTO `deals` (`id`, `status`, `seller_id`, `goods_id`, `title`, `deal_start`, `deal_end`, `price_start`, `price_early`, `price_current`) VALUES (27, 1, 27, 27, 'eligendi', '1985-03-13 16:55:28', '2020-03-13 16:55:28', 1403, 172855, 1403);
INSERT INTO `deals` (`id`, `status`, `seller_id`, `goods_id`, `title`, `deal_start`, `deal_end`, `price_start`, `price_early`, `price_current`) VALUES (28, 0, 28, 28, 'iste', '1990-06-20 16:26:14', '2020-06-20 16:26:14', 1673, NULL, 1673);
INSERT INTO `deals` (`id`, `status`, `seller_id`, `goods_id`, `title`, `deal_start`, `deal_end`, `price_start`, `price_early`, `price_current`) VALUES (29, 2, 29, 29, 'blanditiis', '2005-01-09 14:54:48', '2020-01-09 14:54:48', 4255, 133161, 4255);
INSERT INTO `deals` (`id`, `status`, `seller_id`, `goods_id`, `title`, `deal_start`, `deal_end`, `price_start`, `price_early`, `price_current`) VALUES (30, 1, 30, 30, 'nisi', '1977-12-14 14:34:30', '2022-12-14 14:34:30', 1730, NULL, 1730);
INSERT INTO `deals` (`id`, `status`, `seller_id`, `goods_id`, `title`, `deal_start`, `deal_end`, `price_start`, `price_early`, `price_current`) VALUES (31, 0, 31, 31, 'voluptatem', '2008-12-18 06:14:39', '2022-12-18 06:14:39', 713, 195071, 713);
INSERT INTO `deals` (`id`, `status`, `seller_id`, `goods_id`, `title`, `deal_start`, `deal_end`, `price_start`, `price_early`, `price_current`) VALUES (32, 1, 32, 32, 'officia', '1996-12-21 09:12:09', '2022-12-21 09:12:09', 2323, NULL, 2323);
INSERT INTO `deals` (`id`, `status`, `seller_id`, `goods_id`, `title`, `deal_start`, `deal_end`, `price_start`, `price_early`, `price_current`) VALUES (33, 0, 33, 33, 'illo', '2015-08-30 17:22:19', '2020-08-30 17:22:19', 158, NULL, 158);
INSERT INTO `deals` (`id`, `status`, `seller_id`, `goods_id`, `title`, `deal_start`, `deal_end`, `price_start`, `price_early`, `price_current`) VALUES (34, 0, 34, 34, 'quasi', '1977-09-17 22:16:01', '2020-09-17 22:16:01', 1147, NULL, 1147);
INSERT INTO `deals` (`id`, `status`, `seller_id`, `goods_id`, `title`, `deal_start`, `deal_end`, `price_start`, `price_early`, `price_current`) VALUES (35, 2, 35, 35, 'amet', '2009-07-03 05:52:29', '2020-07-03 05:52:29', 1696, 7926, 1696);
INSERT INTO `deals` (`id`, `status`, `seller_id`, `goods_id`, `title`, `deal_start`, `deal_end`, `price_start`, `price_early`, `price_current`) VALUES (36, 1, 36, 36, 'consequatur', '2019-08-04 01:13:20', '2020-08-04 01:13:20', 3948, NULL, 3948);
INSERT INTO `deals` (`id`, `status`, `seller_id`, `goods_id`, `title`, `deal_start`, `deal_end`, `price_start`, `price_early`, `price_current`) VALUES (37, 0, 37, 37, 'quibusdam', '2011-05-02 13:05:42', '2020-05-02 13:05:42', 732, NULL, 732);
INSERT INTO `deals` (`id`, `status`, `seller_id`, `goods_id`, `title`, `deal_start`, `deal_end`, `price_start`, `price_early`, `price_current`) VALUES (38, 0, 38, 38, 'suscipit', '2019-11-17 10:18:22', '2020-11-17 10:18:22', 2500, NULL, 2500);
INSERT INTO `deals` (`id`, `status`, `seller_id`, `goods_id`, `title`, `deal_start`, `deal_end`, `price_start`, `price_early`, `price_current`) VALUES (39, 2, 39, 39, 'sequi', '1991-12-07 15:54:15', '2020-12-07 15:54:15', 4897, NULL, 4897);
INSERT INTO `deals` (`id`, `status`, `seller_id`, `goods_id`, `title`, `deal_start`, `deal_end`, `price_start`, `price_early`, `price_current`) VALUES (40, 1, 40, 40, 'excepturi', '1995-11-02 13:43:13', '2020-11-02 13:43:13', 1759, 152338, 1759);
INSERT INTO `deals` (`id`, `status`, `seller_id`, `goods_id`, `title`, `deal_start`, `deal_end`, `price_start`, `price_early`, `price_current`) VALUES (41, 2, 41, 41, 'odio', '1991-07-07 10:33:37', '2020-07-07 10:33:37', 3984, 7256, 3984);
INSERT INTO `deals` (`id`, `status`, `seller_id`, `goods_id`, `title`, `deal_start`, `deal_end`, `price_start`, `price_early`, `price_current`) VALUES (42, 0, 42, 42, 'error', '1978-06-03 09:09:40', '2020-06-03 09:09:40', 874, NULL, 874);
INSERT INTO `deals` (`id`, `status`, `seller_id`, `goods_id`, `title`, `deal_start`, `deal_end`, `price_start`, `price_early`, `price_current`) VALUES (43, 2, 43, 43, 'ipsam', '2004-05-22 17:11:32', '2020-05-22 17:11:32', 3744, 76387, 3744);
INSERT INTO `deals` (`id`, `status`, `seller_id`, `goods_id`, `title`, `deal_start`, `deal_end`, `price_start`, `price_early`, `price_current`) VALUES (44, 0, 44, 44, 'dolorem', '1976-07-11 12:18:00', '2020-07-11 12:18:00', 909, NULL, 909);
INSERT INTO `deals` (`id`, `status`, `seller_id`, `goods_id`, `title`, `deal_start`, `deal_end`, `price_start`, `price_early`, `price_current`) VALUES (45, 1, 45, 45, 'laboriosam', '1989-04-06 09:03:26', '2020-04-06 09:03:26', 871, NULL, 871);
INSERT INTO `deals` (`id`, `status`, `seller_id`, `goods_id`, `title`, `deal_start`, `deal_end`, `price_start`, `price_early`, `price_current`) VALUES (46, 0, 46, 46, 'sapiente', '1977-09-01 02:00:26', '2020-09-01 02:00:26', 3699, 175313, 3699);
INSERT INTO `deals` (`id`, `status`, `seller_id`, `goods_id`, `title`, `deal_start`, `deal_end`, `price_start`, `price_early`, `price_current`) VALUES (47, 2, 47, 47, 'incidunt', '1989-02-12 03:56:57', '2020-02-12 03:56:57', 841, NULL, 841);
INSERT INTO `deals` (`id`, `status`, `seller_id`, `goods_id`, `title`, `deal_start`, `deal_end`, `price_start`, `price_early`, `price_current`) VALUES (48, 0, 48, 48, 'cupiditate', '1987-05-03 03:12:55', '2020-05-03 03:12:55', 2903, 103807, 2903);
INSERT INTO `deals` (`id`, `status`, `seller_id`, `goods_id`, `title`, `deal_start`, `deal_end`, `price_start`, `price_early`, `price_current`) VALUES (49, 2, 49, 49, 'maxime', '1999-04-07 20:18:37', '2020-04-07 20:18:37', 4402, NULL, 4402);
INSERT INTO `deals` (`id`, `status`, `seller_id`, `goods_id`, `title`, `deal_start`, `deal_end`, `price_start`, `price_early`, `price_current`) VALUES (50, 1, 50, 50, 'aut', '2002-05-05 01:44:37', '2020-05-05 01:44:37', 903, NULL, 903);
INSERT INTO `deals` (`id`, `status`, `seller_id`, `goods_id`, `title`, `deal_start`, `deal_end`, `price_start`, `price_early`, `price_current`) VALUES (51, 1, 51, 51, 'sed', '1989-04-30 12:23:59', '2020-04-30 12:23:59', 95, NULL, 95);
INSERT INTO `deals` (`id`, `status`, `seller_id`, `goods_id`, `title`, `deal_start`, `deal_end`, `price_start`, `price_early`, `price_current`) VALUES (52, 1, 52, 52, 'nemo', '1980-11-16 12:13:36', '2020-11-16 12:13:36', 4062, 38172, 4062);
INSERT INTO `deals` (`id`, `status`, `seller_id`, `goods_id`, `title`, `deal_start`, `deal_end`, `price_start`, `price_early`, `price_current`) VALUES (53, 0, 53, 53, 'odit', '1970-08-25 04:09:20', '2020-08-25 04:09:20', 689, NULL, 689);
INSERT INTO `deals` (`id`, `status`, `seller_id`, `goods_id`, `title`, `deal_start`, `deal_end`, `price_start`, `price_early`, `price_current`) VALUES (54, 1, 54, 54, 'vitae', '1972-06-08 16:19:17', '2020-06-08 16:19:17', 1458, 134096, 1458);
INSERT INTO `deals` (`id`, `status`, `seller_id`, `goods_id`, `title`, `deal_start`, `deal_end`, `price_start`, `price_early`, `price_current`) VALUES (55, 0, 55, 55, 'non', '1984-09-28 15:39:05', '2020-09-28 15:39:05', 1033, 53713, 1033);
INSERT INTO `deals` (`id`, `status`, `seller_id`, `goods_id`, `title`, `deal_start`, `deal_end`, `price_start`, `price_early`, `price_current`) VALUES (56, 2, 56, 56, 'eius', '2003-04-25 23:45:09', '2020-04-25 23:45:09', 4142, NULL, 4142);
INSERT INTO `deals` (`id`, `status`, `seller_id`, `goods_id`, `title`, `deal_start`, `deal_end`, `price_start`, `price_early`, `price_current`) VALUES (57, 0, 57, 57, 'pariatur', '2005-02-22 19:28:07', '2020-02-22 19:28:07', 4277, NULL, 4277);
INSERT INTO `deals` (`id`, `status`, `seller_id`, `goods_id`, `title`, `deal_start`, `deal_end`, `price_start`, `price_early`, `price_current`) VALUES (58, 1, 58, 58, 'aspernatur', '1976-06-24 12:13:07', '2020-06-24 12:13:07', 3291, NULL, 3291);
INSERT INTO `deals` (`id`, `status`, `seller_id`, `goods_id`, `title`, `deal_start`, `deal_end`, `price_start`, `price_early`, `price_current`) VALUES (59, 0, 59, 59, 'ea', '1990-04-25 01:35:36', '2020-04-25 01:35:36', 3598, 154818, 3598);
INSERT INTO `deals` (`id`, `status`, `seller_id`, `goods_id`, `title`, `deal_start`, `deal_end`, `price_start`, `price_early`, `price_current`) VALUES (60, 1, 60, 60, 'vel', '1984-06-21 15:22:48', '2020-06-21 15:22:48', 1155, NULL, 1155);
INSERT INTO `deals` (`id`, `status`, `seller_id`, `goods_id`, `title`, `deal_start`, `deal_end`, `price_start`, `price_early`, `price_current`) VALUES (61, 1, 61, 61, 'doloremque', '2009-05-31 13:16:59', '2020-05-31 13:16:59', 2898, 107795, 2898);
INSERT INTO `deals` (`id`, `status`, `seller_id`, `goods_id`, `title`, `deal_start`, `deal_end`, `price_start`, `price_early`, `price_current`) VALUES (62, 1, 62, 62, 'dolorum', '1972-03-29 12:41:58', '2020-03-29 12:41:58', 1043, NULL, 1043);
INSERT INTO `deals` (`id`, `status`, `seller_id`, `goods_id`, `title`, `deal_start`, `deal_end`, `price_start`, `price_early`, `price_current`) VALUES (63, 1, 63, 63, 'corporis', '2007-09-01 06:18:33', '2020-09-01 06:18:33', 3194, NULL, 3194);
INSERT INTO `deals` (`id`, `status`, `seller_id`, `goods_id`, `title`, `deal_start`, `deal_end`, `price_start`, `price_early`, `price_current`) VALUES (64, 0, 64, 64, 'tempore', '2011-05-17 01:25:51', '2020-05-17 01:25:51', 4493, 29876, 4493);
INSERT INTO `deals` (`id`, `status`, `seller_id`, `goods_id`, `title`, `deal_start`, `deal_end`, `price_start`, `price_early`, `price_current`) VALUES (65, 0, 65, 65, 'sint', '1994-12-01 14:22:26', '2020-12-01 14:22:26', 1835, NULL, 1835);
INSERT INTO `deals` (`id`, `status`, `seller_id`, `goods_id`, `title`, `deal_start`, `deal_end`, `price_start`, `price_early`, `price_current`) VALUES (66, 2, 66, 66, 'saepe', '1989-02-26 16:50:47', '2020-02-26 16:50:47', 2145, 108038, 2145);
INSERT INTO `deals` (`id`, `status`, `seller_id`, `goods_id`, `title`, `deal_start`, `deal_end`, `price_start`, `price_early`, `price_current`) VALUES (67, 0, 67, 67, 'ipsum', '1978-08-05 19:09:58', '2020-08-05 19:09:58', 3318, NULL, 3318);
INSERT INTO `deals` (`id`, `status`, `seller_id`, `goods_id`, `title`, `deal_start`, `deal_end`, `price_start`, `price_early`, `price_current`) VALUES (68, 1, 68, 68, 'quia', '1977-10-28 07:20:04', '2020-10-28 07:20:04', 1937, NULL, 1937);
INSERT INTO `deals` (`id`, `status`, `seller_id`, `goods_id`, `title`, `deal_start`, `deal_end`, `price_start`, `price_early`, `price_current`) VALUES (69, 2, 69, 69, 'tempora', '1994-09-04 08:06:55', '2020-09-04 08:06:55', 2729, 32687, 2729);
INSERT INTO `deals` (`id`, `status`, `seller_id`, `goods_id`, `title`, `deal_start`, `deal_end`, `price_start`, `price_early`, `price_current`) VALUES (70, 0, 70, 70, 'in', '1979-08-29 00:15:28', '2020-08-29 00:15:28', 861, NULL, 861);
INSERT INTO `deals` (`id`, `status`, `seller_id`, `goods_id`, `title`, `deal_start`, `deal_end`, `price_start`, `price_early`, `price_current`) VALUES (71, 0, 71, 71, 'molestias', '1973-11-22 19:13:05', '2020-11-22 19:13:05', 3449, 46203, 3449);
INSERT INTO `deals` (`id`, `status`, `seller_id`, `goods_id`, `title`, `deal_start`, `deal_end`, `price_start`, `price_early`, `price_current`) VALUES (72, 0, 72, 72, 'distinctio', '1977-01-08 20:57:19', '2020-01-08 20:57:19', 777, NULL, 777);
INSERT INTO `deals` (`id`, `status`, `seller_id`, `goods_id`, `title`, `deal_start`, `deal_end`, `price_start`, `price_early`, `price_current`) VALUES (73, 0, 73, 73, 'deserunt', '2008-03-19 01:00:19', '2020-03-19 01:00:19', 661, NULL, 661);
INSERT INTO `deals` (`id`, `status`, `seller_id`, `goods_id`, `title`, `deal_start`, `deal_end`, `price_start`, `price_early`, `price_current`) VALUES (74, 0, 74, 74, 'quas', '2002-01-14 03:36:09', '2020-01-14 03:36:09', 109, 144887, 109);
INSERT INTO `deals` (`id`, `status`, `seller_id`, `goods_id`, `title`, `deal_start`, `deal_end`, `price_start`, `price_early`, `price_current`) VALUES (75, 2, 75, 75, 'numquam', '1974-08-13 20:40:05', '2020-08-13 20:40:05', 801, NULL, 801);
INSERT INTO `deals` (`id`, `status`, `seller_id`, `goods_id`, `title`, `deal_start`, `deal_end`, `price_start`, `price_early`, `price_current`) VALUES (76, 0, 76, 76, 'asperiores', '2002-04-17 05:30:12', '2020-04-17 05:30:12', 1962, NULL, 1962);
INSERT INTO `deals` (`id`, `status`, `seller_id`, `goods_id`, `title`, `deal_start`, `deal_end`, `price_start`, `price_early`, `price_current`) VALUES (77, 0, 77, 77, 'quis', '2001-05-18 01:32:32', '2020-05-18 01:32:32', 4815, NULL, 4815);
INSERT INTO `deals` (`id`, `status`, `seller_id`, `goods_id`, `title`, `deal_start`, `deal_end`, `price_start`, `price_early`, `price_current`) VALUES (78, 2, 78, 78, 'inventore', '1997-06-03 13:21:04', '2020-06-03 13:21:04', 1731, 183415, 1731);
INSERT INTO `deals` (`id`, `status`, `seller_id`, `goods_id`, `title`, `deal_start`, `deal_end`, `price_start`, `price_early`, `price_current`) VALUES (79, 0, 79, 79, 'culpa', '1994-09-25 03:28:20', '2020-09-25 03:28:20', 1475, NULL, 1475);
INSERT INTO `deals` (`id`, `status`, `seller_id`, `goods_id`, `title`, `deal_start`, `deal_end`, `price_start`, `price_early`, `price_current`) VALUES (80, 1, 80, 80, 'voluptates', '1987-09-06 06:48:50', '2020-09-06 06:48:50', 1665, NULL, 1665);
INSERT INTO `deals` (`id`, `status`, `seller_id`, `goods_id`, `title`, `deal_start`, `deal_end`, `price_start`, `price_early`, `price_current`) VALUES (81, 0, 81, 81, 'magnam', '1970-05-10 16:31:53', '2020-05-10 16:31:53', 2768, 170447, 2768);
INSERT INTO `deals` (`id`, `status`, `seller_id`, `goods_id`, `title`, `deal_start`, `deal_end`, `price_start`, `price_early`, `price_current`) VALUES (82, 0, 82, 82, 'quidem', '2020-10-28 22:05:36', '2020-10-28 22:05:36', 540, NULL, 540);


-- photos
INSERT INTO `photos` (`id`, `file`) VALUES (1, NULL);
INSERT INTO `photos` (`id`, `file`) VALUES (2, NULL);
INSERT INTO `photos` (`id`, `file`) VALUES (3, NULL);
INSERT INTO `photos` (`id`, `file`) VALUES (4, NULL);
INSERT INTO `photos` (`id`, `file`) VALUES (5, NULL);
INSERT INTO `photos` (`id`, `file`) VALUES (6, NULL);
INSERT INTO `photos` (`id`, `file`) VALUES (7, NULL);
INSERT INTO `photos` (`id`, `file`) VALUES (8, NULL);
INSERT INTO `photos` (`id`, `file`) VALUES (9, NULL);
INSERT INTO `photos` (`id`, `file`) VALUES (10, NULL);
INSERT INTO `photos` (`id`, `file`) VALUES (11, NULL);
INSERT INTO `photos` (`id`, `file`) VALUES (12, NULL);
INSERT INTO `photos` (`id`, `file`) VALUES (13, NULL);
INSERT INTO `photos` (`id`, `file`) VALUES (14, NULL);
INSERT INTO `photos` (`id`, `file`) VALUES (15, NULL);
INSERT INTO `photos` (`id`, `file`) VALUES (16, NULL);
INSERT INTO `photos` (`id`, `file`) VALUES (17, NULL);
INSERT INTO `photos` (`id`, `file`) VALUES (18, NULL);
INSERT INTO `photos` (`id`, `file`) VALUES (19, NULL);
INSERT INTO `photos` (`id`, `file`) VALUES (20, NULL);
INSERT INTO `photos` (`id`, `file`) VALUES (21, NULL);
INSERT INTO `photos` (`id`, `file`) VALUES (22, NULL);
INSERT INTO `photos` (`id`, `file`) VALUES (23, NULL);
INSERT INTO `photos` (`id`, `file`) VALUES (24, NULL);
INSERT INTO `photos` (`id`, `file`) VALUES (25, NULL);
INSERT INTO `photos` (`id`, `file`) VALUES (26, NULL);
INSERT INTO `photos` (`id`, `file`) VALUES (27, NULL);
INSERT INTO `photos` (`id`, `file`) VALUES (28, NULL);
INSERT INTO `photos` (`id`, `file`) VALUES (29, NULL);
INSERT INTO `photos` (`id`, `file`) VALUES (30, NULL);
INSERT INTO `photos` (`id`, `file`) VALUES (31, NULL);
INSERT INTO `photos` (`id`, `file`) VALUES (32, NULL);
INSERT INTO `photos` (`id`, `file`) VALUES (33, NULL);
INSERT INTO `photos` (`id`, `file`) VALUES (34, NULL);
INSERT INTO `photos` (`id`, `file`) VALUES (35, NULL);
INSERT INTO `photos` (`id`, `file`) VALUES (36, NULL);
INSERT INTO `photos` (`id`, `file`) VALUES (37, NULL);
INSERT INTO `photos` (`id`, `file`) VALUES (38, NULL);
INSERT INTO `photos` (`id`, `file`) VALUES (39, NULL);
INSERT INTO `photos` (`id`, `file`) VALUES (40, NULL);
INSERT INTO `photos` (`id`, `file`) VALUES (41, NULL);
INSERT INTO `photos` (`id`, `file`) VALUES (42, NULL);
INSERT INTO `photos` (`id`, `file`) VALUES (43, NULL);
INSERT INTO `photos` (`id`, `file`) VALUES (44, NULL);
INSERT INTO `photos` (`id`, `file`) VALUES (45, NULL);
INSERT INTO `photos` (`id`, `file`) VALUES (46, NULL);
INSERT INTO `photos` (`id`, `file`) VALUES (47, NULL);
INSERT INTO `photos` (`id`, `file`) VALUES (48, NULL);
INSERT INTO `photos` (`id`, `file`) VALUES (49, NULL);
INSERT INTO `photos` (`id`, `file`) VALUES (50, NULL);
INSERT INTO `photos` (`id`, `file`) VALUES (51, NULL);
INSERT INTO `photos` (`id`, `file`) VALUES (52, NULL);
INSERT INTO `photos` (`id`, `file`) VALUES (53, NULL);
INSERT INTO `photos` (`id`, `file`) VALUES (54, NULL);
INSERT INTO `photos` (`id`, `file`) VALUES (55, NULL);
INSERT INTO `photos` (`id`, `file`) VALUES (56, NULL);
INSERT INTO `photos` (`id`, `file`) VALUES (57, NULL);
INSERT INTO `photos` (`id`, `file`) VALUES (58, NULL);
INSERT INTO `photos` (`id`, `file`) VALUES (59, NULL);
INSERT INTO `photos` (`id`, `file`) VALUES (60, NULL);
INSERT INTO `photos` (`id`, `file`) VALUES (61, NULL);
INSERT INTO `photos` (`id`, `file`) VALUES (62, NULL);
INSERT INTO `photos` (`id`, `file`) VALUES (63, NULL);
INSERT INTO `photos` (`id`, `file`) VALUES (64, NULL);
INSERT INTO `photos` (`id`, `file`) VALUES (65, NULL);
INSERT INTO `photos` (`id`, `file`) VALUES (66, NULL);
INSERT INTO `photos` (`id`, `file`) VALUES (67, NULL);
INSERT INTO `photos` (`id`, `file`) VALUES (68, NULL);
INSERT INTO `photos` (`id`, `file`) VALUES (69, NULL);
INSERT INTO `photos` (`id`, `file`) VALUES (70, NULL);
INSERT INTO `photos` (`id`, `file`) VALUES (71, NULL);
INSERT INTO `photos` (`id`, `file`) VALUES (72, NULL);
INSERT INTO `photos` (`id`, `file`) VALUES (73, NULL);
INSERT INTO `photos` (`id`, `file`) VALUES (74, NULL);
INSERT INTO `photos` (`id`, `file`) VALUES (75, NULL);
INSERT INTO `photos` (`id`, `file`) VALUES (76, NULL);
INSERT INTO `photos` (`id`, `file`) VALUES (77, NULL);
INSERT INTO `photos` (`id`, `file`) VALUES (78, NULL);
INSERT INTO `photos` (`id`, `file`) VALUES (79, NULL);
INSERT INTO `photos` (`id`, `file`) VALUES (80, NULL);
INSERT INTO `photos` (`id`, `file`) VALUES (81, NULL);
INSERT INTO `photos` (`id`, `file`) VALUES (82, NULL);
INSERT INTO `photos` (`id`, `file`) VALUES (83, NULL);
INSERT INTO `photos` (`id`, `file`) VALUES (84, NULL);
INSERT INTO `photos` (`id`, `file`) VALUES (85, NULL);
INSERT INTO `photos` (`id`, `file`) VALUES (86, NULL);
INSERT INTO `photos` (`id`, `file`) VALUES (87, NULL);
INSERT INTO `photos` (`id`, `file`) VALUES (88, NULL);
INSERT INTO `photos` (`id`, `file`) VALUES (89, NULL);
INSERT INTO `photos` (`id`, `file`) VALUES (90, NULL);
INSERT INTO `photos` (`id`, `file`) VALUES (91, NULL);
INSERT INTO `photos` (`id`, `file`) VALUES (92, NULL);
INSERT INTO `photos` (`id`, `file`) VALUES (93, NULL);
INSERT INTO `photos` (`id`, `file`) VALUES (94, NULL);
INSERT INTO `photos` (`id`, `file`) VALUES (95, NULL);
INSERT INTO `photos` (`id`, `file`) VALUES (96, NULL);
INSERT INTO `photos` (`id`, `file`) VALUES (97, NULL);
INSERT INTO `photos` (`id`, `file`) VALUES (98, NULL);
INSERT INTO `photos` (`id`, `file`) VALUES (99, NULL);
INSERT INTO `photos` (`id`, `file`) VALUES (100, NULL);
INSERT INTO `photos` (`id`, `file`) VALUES (101, NULL);
INSERT INTO `photos` (`id`, `file`) VALUES (102, NULL);
INSERT INTO `photos` (`id`, `file`) VALUES (103, NULL);
INSERT INTO `photos` (`id`, `file`) VALUES (104, NULL);
INSERT INTO `photos` (`id`, `file`) VALUES (105, NULL);
INSERT INTO `photos` (`id`, `file`) VALUES (106, NULL);
INSERT INTO `photos` (`id`, `file`) VALUES (107, NULL);
INSERT INTO `photos` (`id`, `file`) VALUES (108, NULL);
INSERT INTO `photos` (`id`, `file`) VALUES (109, NULL);
INSERT INTO `photos` (`id`, `file`) VALUES (110, NULL);
INSERT INTO `photos` (`id`, `file`) VALUES (111, NULL);
INSERT INTO `photos` (`id`, `file`) VALUES (112, NULL);
INSERT INTO `photos` (`id`, `file`) VALUES (113, NULL);
INSERT INTO `photos` (`id`, `file`) VALUES (114, NULL);
INSERT INTO `photos` (`id`, `file`) VALUES (115, NULL);
INSERT INTO `photos` (`id`, `file`) VALUES (116, NULL);
INSERT INTO `photos` (`id`, `file`) VALUES (117, NULL);
INSERT INTO `photos` (`id`, `file`) VALUES (118, NULL);
INSERT INTO `photos` (`id`, `file`) VALUES (119, NULL);
INSERT INTO `photos` (`id`, `file`) VALUES (120, NULL);
INSERT INTO `photos` (`id`, `file`) VALUES (121, NULL);
INSERT INTO `photos` (`id`, `file`) VALUES (122, NULL);
INSERT INTO `photos` (`id`, `file`) VALUES (123, NULL);
INSERT INTO `photos` (`id`, `file`) VALUES (124, NULL);
INSERT INTO `photos` (`id`, `file`) VALUES (125, NULL);
INSERT INTO `photos` (`id`, `file`) VALUES (126, NULL);
INSERT INTO `photos` (`id`, `file`) VALUES (127, NULL);
INSERT INTO `photos` (`id`, `file`) VALUES (128, NULL);
INSERT INTO `photos` (`id`, `file`) VALUES (129, NULL);
INSERT INTO `photos` (`id`, `file`) VALUES (130, NULL);
INSERT INTO `photos` (`id`, `file`) VALUES (131, NULL);
INSERT INTO `photos` (`id`, `file`) VALUES (132, NULL);
INSERT INTO `photos` (`id`, `file`) VALUES (133, NULL);
INSERT INTO `photos` (`id`, `file`) VALUES (134, NULL);
INSERT INTO `photos` (`id`, `file`) VALUES (135, NULL);
INSERT INTO `photos` (`id`, `file`) VALUES (136, NULL);
INSERT INTO `photos` (`id`, `file`) VALUES (137, NULL);
INSERT INTO `photos` (`id`, `file`) VALUES (138, NULL);
INSERT INTO `photos` (`id`, `file`) VALUES (139, NULL);
INSERT INTO `photos` (`id`, `file`) VALUES (140, NULL);
INSERT INTO `photos` (`id`, `file`) VALUES (141, NULL);
INSERT INTO `photos` (`id`, `file`) VALUES (142, NULL);
INSERT INTO `photos` (`id`, `file`) VALUES (143, NULL);
INSERT INTO `photos` (`id`, `file`) VALUES (144, NULL);
INSERT INTO `photos` (`id`, `file`) VALUES (145, NULL);
INSERT INTO `photos` (`id`, `file`) VALUES (146, NULL);
INSERT INTO `photos` (`id`, `file`) VALUES (147, NULL);
INSERT INTO `photos` (`id`, `file`) VALUES (148, NULL);
INSERT INTO `photos` (`id`, `file`) VALUES (149, NULL);
INSERT INTO `photos` (`id`, `file`) VALUES (150, NULL);
INSERT INTO `photos` (`id`, `file`) VALUES (151, NULL);
INSERT INTO `photos` (`id`, `file`) VALUES (152, NULL);
INSERT INTO `photos` (`id`, `file`) VALUES (153, NULL);
INSERT INTO `photos` (`id`, `file`) VALUES (154, NULL);
INSERT INTO `photos` (`id`, `file`) VALUES (155, NULL);
INSERT INTO `photos` (`id`, `file`) VALUES (156, NULL);
INSERT INTO `photos` (`id`, `file`) VALUES (157, NULL);
INSERT INTO `photos` (`id`, `file`) VALUES (158, NULL);
INSERT INTO `photos` (`id`, `file`) VALUES (159, NULL);
INSERT INTO `photos` (`id`, `file`) VALUES (160, NULL);
INSERT INTO `photos` (`id`, `file`) VALUES (161, NULL);
INSERT INTO `photos` (`id`, `file`) VALUES (162, NULL);
INSERT INTO `photos` (`id`, `file`) VALUES (163, NULL);
INSERT INTO `photos` (`id`, `file`) VALUES (164, NULL);
INSERT INTO `photos` (`id`, `file`) VALUES (165, NULL);
INSERT INTO `photos` (`id`, `file`) VALUES (166, NULL);
INSERT INTO `photos` (`id`, `file`) VALUES (167, NULL);
INSERT INTO `photos` (`id`, `file`) VALUES (168, NULL);
INSERT INTO `photos` (`id`, `file`) VALUES (169, NULL);
INSERT INTO `photos` (`id`, `file`) VALUES (170, NULL);
INSERT INTO `photos` (`id`, `file`) VALUES (171, NULL);
INSERT INTO `photos` (`id`, `file`) VALUES (172, NULL);
INSERT INTO `photos` (`id`, `file`) VALUES (173, NULL);
INSERT INTO `photos` (`id`, `file`) VALUES (174, NULL);
INSERT INTO `photos` (`id`, `file`) VALUES (175, NULL);
INSERT INTO `photos` (`id`, `file`) VALUES (176, NULL);
INSERT INTO `photos` (`id`, `file`) VALUES (177, NULL);
INSERT INTO `photos` (`id`, `file`) VALUES (178, NULL);
INSERT INTO `photos` (`id`, `file`) VALUES (179, NULL);
INSERT INTO `photos` (`id`, `file`) VALUES (180, NULL);
INSERT INTO `photos` (`id`, `file`) VALUES (181, NULL);
INSERT INTO `photos` (`id`, `file`) VALUES (182, NULL);
INSERT INTO `photos` (`id`, `file`) VALUES (183, NULL);
INSERT INTO `photos` (`id`, `file`) VALUES (184, NULL);
INSERT INTO `photos` (`id`, `file`) VALUES (185, NULL);
INSERT INTO `photos` (`id`, `file`) VALUES (186, NULL);
INSERT INTO `photos` (`id`, `file`) VALUES (187, NULL);
INSERT INTO `photos` (`id`, `file`) VALUES (188, NULL);
INSERT INTO `photos` (`id`, `file`) VALUES (189, NULL);
INSERT INTO `photos` (`id`, `file`) VALUES (190, NULL);
INSERT INTO `photos` (`id`, `file`) VALUES (191, NULL);
INSERT INTO `photos` (`id`, `file`) VALUES (192, NULL);
INSERT INTO `photos` (`id`, `file`) VALUES (193, NULL);
INSERT INTO `photos` (`id`, `file`) VALUES (194, NULL);
INSERT INTO `photos` (`id`, `file`) VALUES (195, NULL);
INSERT INTO `photos` (`id`, `file`) VALUES (196, NULL);
INSERT INTO `photos` (`id`, `file`) VALUES (197, NULL);
INSERT INTO `photos` (`id`, `file`) VALUES (198, NULL);
INSERT INTO `photos` (`id`, `file`) VALUES (199, NULL);
INSERT INTO `photos` (`id`, `file`) VALUES (200, NULL);
INSERT INTO `photos` (`id`, `file`) VALUES (201, NULL);
INSERT INTO `photos` (`id`, `file`) VALUES (202, NULL);
INSERT INTO `photos` (`id`, `file`) VALUES (203, NULL);
INSERT INTO `photos` (`id`, `file`) VALUES (204, NULL);
INSERT INTO `photos` (`id`, `file`) VALUES (205, NULL);
INSERT INTO `photos` (`id`, `file`) VALUES (206, NULL);
INSERT INTO `photos` (`id`, `file`) VALUES (207, NULL);
INSERT INTO `photos` (`id`, `file`) VALUES (208, NULL);
INSERT INTO `photos` (`id`, `file`) VALUES (209, NULL);
INSERT INTO `photos` (`id`, `file`) VALUES (210, NULL);
INSERT INTO `photos` (`id`, `file`) VALUES (211, NULL);
INSERT INTO `photos` (`id`, `file`) VALUES (212, NULL);
INSERT INTO `photos` (`id`, `file`) VALUES (213, NULL);
INSERT INTO `photos` (`id`, `file`) VALUES (214, NULL);
INSERT INTO `photos` (`id`, `file`) VALUES (215, NULL);
INSERT INTO `photos` (`id`, `file`) VALUES (216, NULL);
INSERT INTO `photos` (`id`, `file`) VALUES (217, NULL);
INSERT INTO `photos` (`id`, `file`) VALUES (218, NULL);
INSERT INTO `photos` (`id`, `file`) VALUES (219, NULL);
INSERT INTO `photos` (`id`, `file`) VALUES (220, NULL);
INSERT INTO `photos` (`id`, `file`) VALUES (221, NULL);
INSERT INTO `photos` (`id`, `file`) VALUES (222, NULL);
INSERT INTO `photos` (`id`, `file`) VALUES (223, NULL);
INSERT INTO `photos` (`id`, `file`) VALUES (224, NULL);
INSERT INTO `photos` (`id`, `file`) VALUES (225, NULL);
INSERT INTO `photos` (`id`, `file`) VALUES (226, NULL);
INSERT INTO `photos` (`id`, `file`) VALUES (227, NULL);
INSERT INTO `photos` (`id`, `file`) VALUES (228, NULL);
INSERT INTO `photos` (`id`, `file`) VALUES (229, NULL);
INSERT INTO `photos` (`id`, `file`) VALUES (230, NULL);
INSERT INTO `photos` (`id`, `file`) VALUES (231, NULL);
INSERT INTO `photos` (`id`, `file`) VALUES (232, NULL);
INSERT INTO `photos` (`id`, `file`) VALUES (233, NULL);
INSERT INTO `photos` (`id`, `file`) VALUES (234, NULL);
INSERT INTO `photos` (`id`, `file`) VALUES (235, NULL);
INSERT INTO `photos` (`id`, `file`) VALUES (236, NULL);
INSERT INTO `photos` (`id`, `file`) VALUES (237, NULL);
INSERT INTO `photos` (`id`, `file`) VALUES (238, NULL);
INSERT INTO `photos` (`id`, `file`) VALUES (239, NULL);
INSERT INTO `photos` (`id`, `file`) VALUES (240, NULL);
INSERT INTO `photos` (`id`, `file`) VALUES (241, NULL);
INSERT INTO `photos` (`id`, `file`) VALUES (242, NULL);
INSERT INTO `photos` (`id`, `file`) VALUES (243, NULL);
INSERT INTO `photos` (`id`, `file`) VALUES (244, NULL);
INSERT INTO `photos` (`id`, `file`) VALUES (245, NULL);
INSERT INTO `photos` (`id`, `file`) VALUES (246, NULL);
INSERT INTO `photos` (`id`, `file`) VALUES (247, NULL);
INSERT INTO `photos` (`id`, `file`) VALUES (248, NULL);
INSERT INTO `photos` (`id`, `file`) VALUES (249, NULL);
INSERT INTO `photos` (`id`, `file`) VALUES (250, NULL);


-- profiles
INSERT INTO `profiles` (`user_id`, `caption`, `rating`, `default_location`, `default_delivery_terms`, `photo_id`) VALUES (1, 'Quam ex a qui mollitia rerum.', '2.264', POINT(57.488068, 87.911957), 'At hic et culpa quo aut commodi. Perspiciatis qui debitis atque qui autem perspiciatis sed consequuntur.', 1);
INSERT INTO `profiles` (`user_id`, `caption`, `rating`, `default_location`, `default_delivery_terms`, `photo_id`) VALUES (2, 'In dolores quia vel et aut quia.', '3.515', POINT(95.160561, 46.936630), 'Dolor quidem eligendi natus qui quo sed dignissimos. Enim explicabo dolor repellat inventore consectetur quidem. Libero odit distinctio alias quia asperiores re', 2);
INSERT INTO `profiles` (`user_id`, `caption`, `rating`, `default_location`, `default_delivery_terms`, `photo_id`) VALUES (3, 'Aliquam nobis eos omnis ex.', '2.527', POINT(149.888474, 22.606684), 'Fugit asperiores saepe inventore quasi at sint nisi. Ut et omnis sint sunt adipisci non. Animi iste quam sit id saepe.', 3);
INSERT INTO `profiles` (`user_id`, `caption`, `rating`, `default_location`, `default_delivery_terms`, `photo_id`) VALUES (4, 'Repudiandae ut corrupti consequatur consequatur tempora soluta.', '3.711', POINT(92.132835, 50.633514), 'Rerum cumque sed error et. Illo itaque ex ratione hic velit. Aut hic eum voluptatem unde adipisci eum. Vel cumque quisquam enim iste praesentium dignissimos.', 4);
INSERT INTO `profiles` (`user_id`, `caption`, `rating`, `default_location`, `default_delivery_terms`, `photo_id`) VALUES (5, 'Necessitatibus sint nisi provident sed ea.', '3.492', POINT(102.770569, -24.899672), 'Culpa iure odit aut ea ut. Alias ipsa amet accusamus quis similique quia. Asperiores et at unde enim quia reprehenderit adipisci. Itaque assumenda vel consequat', 5);
INSERT INTO `profiles` (`user_id`, `caption`, `rating`, `default_location`, `default_delivery_terms`, `photo_id`) VALUES (6, 'In magnam quos velit et nostrum.', '3.149', POINT(153.252274, 24.391249), 'Vero laboriosam corporis illo. Voluptatum autem iste nihil.', 6);
INSERT INTO `profiles` (`user_id`, `caption`, `rating`, `default_location`, `default_delivery_terms`, `photo_id`) VALUES (7, 'Vel laborum soluta perferendis quidem.', '2.988', POINT(9.614561, -85.519821), 'Iure eos tempore repudiandae saepe. Qui vitae assumenda et earum corporis quas. Consequuntur qui mollitia quas sed.', 7);
INSERT INTO `profiles` (`user_id`, `caption`, `rating`, `default_location`, `default_delivery_terms`, `photo_id`) VALUES (8, 'Aspernatur nihil ipsum est cum.', '2.497', POINT(91.010262, 75.670525), 'Corrupti libero esse itaque dolores consectetur et. Occaecati ut debitis quasi voluptates ea nisi temporibus. Repudiandae soluta cupiditate veniam libero. Nulla', 8);
INSERT INTO `profiles` (`user_id`, `caption`, `rating`, `default_location`, `default_delivery_terms`, `photo_id`) VALUES (9, 'Aut enim quibusdam sequi neque aut et optio.', '4.555', POINT(85.356873, -40.858772), 'Inventore facilis eos atque saepe aliquid autem consequatur. Quas velit odit dicta accusantium voluptate. Veniam aliquid qui possimus dolorum expedita magnam re', 9);
INSERT INTO `profiles` (`user_id`, `caption`, `rating`, `default_location`, `default_delivery_terms`, `photo_id`) VALUES (10, 'Reprehenderit dolorum et sit voluptas quia nobis.', '3.135', POINT(73.775185, 45.797131), 'Voluptas iure nemo ut eum. Consequatur ut beatae magni possimus. Ea qui atque nihil ut natus adipisci. Qui nostrum fugiat reiciendis mollitia minus alias.', 10);
INSERT INTO `profiles` (`user_id`, `caption`, `rating`, `default_location`, `default_delivery_terms`, `photo_id`) VALUES (11, 'Dolores esse eius et eos et aliquam.', '3.123', POINT(109.140129, 77.956985), 'Enim aliquam nesciunt dolores in laboriosam dolores impedit. Ipsa suscipit deleniti at reprehenderit. Quo id aut ratione culpa recusandae odit.', 11);
INSERT INTO `profiles` (`user_id`, `caption`, `rating`, `default_location`, `default_delivery_terms`, `photo_id`) VALUES (12, 'Ipsum dolorem eius ipsum provident cupiditate et.', '4.725', POINT(100.212257, 59.816883), 'Veritatis et in labore unde eum porro quia. Ratione nihil asperiores consectetur dolor odio. Reprehenderit assumenda architecto est repellat. Dolor consequatur ', 12);
INSERT INTO `profiles` (`user_id`, `caption`, `rating`, `default_location`, `default_delivery_terms`, `photo_id`) VALUES (13, 'Alias officiis nostrum ipsum.', '2.167', POINT(131.108017, 23.433161), 'Magnam et quasi quia ut sit iste. Nostrum excepturi sint facilis laborum neque dolorem. Quod quis dolor nam non voluptatem. Sed alias ea consequatur dolores est', 13);
INSERT INTO `profiles` (`user_id`, `caption`, `rating`, `default_location`, `default_delivery_terms`, `photo_id`) VALUES (14, 'Dignissimos rerum et tempore non.', '2.666', POINT(45.129128, 21.800461), 'In eligendi tempore labore. Possimus quia iure a qui dolore. Et reiciendis ut tempore aut. Ducimus id minus qui deserunt tenetur.', 14);
INSERT INTO `profiles` (`user_id`, `caption`, `rating`, `default_location`, `default_delivery_terms`, `photo_id`) VALUES (15, 'Reiciendis illum unde accusamus hic ipsa.', '3.296', POINT(46.152466, -15.154356), 'Asperiores non voluptatem dolor sed officia. Minima sapiente at mollitia officia reiciendis. Optio ab voluptas dolore alias asperiores voluptatem facilis. Sequi', 15);
INSERT INTO `profiles` (`user_id`, `caption`, `rating`, `default_location`, `default_delivery_terms`, `photo_id`) VALUES (16, 'Animi et quia enim qui.', '4.398', POINT(55.760647, 84.238091), 'Ut voluptatem rerum provident ea ut et cum. Cumque voluptatum asperiores quibusdam aut atque. Incidunt voluptate voluptas officiis et ut et.', 16);
INSERT INTO `profiles` (`user_id`, `caption`, `rating`, `default_location`, `default_delivery_terms`, `photo_id`) VALUES (17, 'Cupiditate amet et in ullam a.', '4.341', POINT(159.493515, -78.987450), 'Sed et laborum autem incidunt iure officia. Consequatur similique et architecto et veritatis dolore aliquam vero. In libero voluptates impedit numquam non qui q', 17);
INSERT INTO `profiles` (`user_id`, `caption`, `rating`, `default_location`, `default_delivery_terms`, `photo_id`) VALUES (18, 'Officia earum qui quasi laborum magni autem illo.', '4.851', POINT(111.767250, 40.536228), 'Quaerat eaque aut autem quo dolor. Recusandae aliquid et autem quis laborum rerum. Voluptatibus cumque autem repellat. Soluta quo consequatur rem similique.', 18);
INSERT INTO `profiles` (`user_id`, `caption`, `rating`, `default_location`, `default_delivery_terms`, `photo_id`) VALUES (19, 'Voluptas dolore et aut quibusdam rerum ut.', '4.584', POINT(83.030716, -43.664848), 'Ut unde deserunt delectus laborum. Vitae et velit dolore maxime sit.', 19);
INSERT INTO `profiles` (`user_id`, `caption`, `rating`, `default_location`, `default_delivery_terms`, `photo_id`) VALUES (20, 'Officia asperiores quasi explicabo sint veritatis est sint dignissimos.', '4.641', POINT(7.472611, -16.436476), 'Esse nihil culpa nihil aut iste. Nisi debitis dignissimos voluptatum et enim nesciunt dolorem. Consequatur consequatur dicta necessitatibus nobis ipsum possimus', 20);
INSERT INTO `profiles` (`user_id`, `caption`, `rating`, `default_location`, `default_delivery_terms`, `photo_id`) VALUES (21, 'Excepturi quos consequatur et sequi aut.', '4.764', POINT(146.216187, -44.202793), 'Consectetur neque non voluptate et excepturi laudantium. Voluptates sint voluptatibus excepturi sit sint a. Ut dolorem aut ullam voluptate ut.', 21);
INSERT INTO `profiles` (`user_id`, `caption`, `rating`, `default_location`, `default_delivery_terms`, `photo_id`) VALUES (22, 'Quia quaerat aliquid velit porro impedit qui eius non.', '4.009', POINT(30.366217, -9.789688), 'Consequuntur voluptate quidem fugiat eos suscipit veniam. Ex quo rem officia nihil. Adipisci qui qui adipisci saepe aut eum libero. Neque consequatur officiis i', 22);
INSERT INTO `profiles` (`user_id`, `caption`, `rating`, `default_location`, `default_delivery_terms`, `photo_id`) VALUES (23, 'Provident ut voluptas aut nihil tempora voluptatem.', '3.825', POINT(134.576950, 24.545885), 'Eum qui quasi sed temporibus. At doloremque assumenda qui recusandae ab delectus distinctio. Ipsam accusantium facere quidem pariatur sint.', 23);
INSERT INTO `profiles` (`user_id`, `caption`, `rating`, `default_location`, `default_delivery_terms`, `photo_id`) VALUES (24, 'Adipisci alias ipsam voluptas id et ipsum hic.', '4.939', POINT(78.936783, -53.286945), 'Blanditiis consectetur laborum accusamus velit. Placeat et nemo nesciunt ratione porro. Ut cumque neque debitis beatae ut nesciunt. Iste dignissimos maiores cup', 24);
INSERT INTO `profiles` (`user_id`, `caption`, `rating`, `default_location`, `default_delivery_terms`, `photo_id`) VALUES (25, 'Consequatur ipsa quae veritatis provident earum amet.', '3.791', POINT(119.869003, 7.311739), 'Consequatur sapiente et suscipit sunt aliquam. Animi maiores et aut reiciendis numquam non. Tempora rerum non qui voluptatem.', 25);
INSERT INTO `profiles` (`user_id`, `caption`, `rating`, `default_location`, `default_delivery_terms`, `photo_id`) VALUES (26, 'Rerum ratione iste facere dolores consequatur accusantium.', '3.497', POINT(123.884735, 87.783531), 'Illo nesciunt vitae eligendi. Nam tenetur ut eum pariatur cupiditate. Est id autem eaque quisquam sint saepe et laborum. Minima voluptatem officiis eum hic moll', 26);
INSERT INTO `profiles` (`user_id`, `caption`, `rating`, `default_location`, `default_delivery_terms`, `photo_id`) VALUES (27, 'Ea et quisquam rem est autem.', '2.74', POINT(31.938242, -40.719719), 'Rerum id incidunt aut voluptatibus saepe dolores ducimus. Ipsa doloremque ut sed suscipit praesentium cumque. Ipsa voluptatem voluptas voluptatibus nihil perspi', 27);
INSERT INTO `profiles` (`user_id`, `caption`, `rating`, `default_location`, `default_delivery_terms`, `photo_id`) VALUES (28, 'Et tempora odio blanditiis velit velit autem.', '3.978', POINT(8.834211, -85.308754), 'Nisi eum sed velit ducimus exercitationem. Quasi dolores dolorem necessitatibus magni. Aut incidunt magni dolore autem minima repudiandae.', 28);
INSERT INTO `profiles` (`user_id`, `caption`, `rating`, `default_location`, `default_delivery_terms`, `photo_id`) VALUES (29, 'Laudantium laborum et id in expedita ipsa consectetur.', '2.913', POINT(120.841400, -15.364594), 'Laboriosam nisi dolores quisquam dolorem repudiandae. Accusantium qui minima non voluptatum debitis tempore. Vitae qui pariatur est voluptas fugit ut non.', 29);
INSERT INTO `profiles` (`user_id`, `caption`, `rating`, `default_location`, `default_delivery_terms`, `photo_id`) VALUES (30, 'Eligendi atque corporis dicta tenetur est sit.', '4.067', POINT(15.300327, 89.127846), 'Ut doloribus perferendis ducimus atque. Aut quam vel quae iusto. Sunt voluptates veritatis debitis iure cumque cumque ut.', 30);
INSERT INTO `profiles` (`user_id`, `caption`, `rating`, `default_location`, `default_delivery_terms`, `photo_id`) VALUES (31, 'Ea et itaque neque possimus.', '3.566', POINT(120.384995, 10.700458), 'Fugit eos consequatur omnis est consequatur. Reprehenderit voluptas nam libero. Adipisci qui asperiores temporibus doloremque maiores repellat.', 31);
INSERT INTO `profiles` (`user_id`, `caption`, `rating`, `default_location`, `default_delivery_terms`, `photo_id`) VALUES (32, 'Hic aliquid eius eos animi.', '3.312', POINT(59.212086, 27.044743), 'Modi dolorum voluptatem minima sequi. Voluptates qui sint illo autem sapiente. Quo quia incidunt eos sit.', 32);
INSERT INTO `profiles` (`user_id`, `caption`, `rating`, `default_location`, `default_delivery_terms`, `photo_id`) VALUES (33, 'Veritatis ullam occaecati deserunt repellat facere quo.', '4.613', POINT(155.981873, 47.134605), 'Beatae corporis eos ipsa fugit velit laboriosam. Et enim facere unde blanditiis. Sit ad dolorem vel dolore et molestiae enim eligendi. Dolore id aspernatur volu', 33);
INSERT INTO `profiles` (`user_id`, `caption`, `rating`, `default_location`, `default_delivery_terms`, `photo_id`) VALUES (34, 'Laborum nobis tempore rem voluptatem et.', '2.62', POINT(35.197601, -4.843905), 'Ea saepe corporis vitae et iusto est molestias. Modi reprehenderit soluta voluptatibus et quos necessitatibus quia ut.', 34);
INSERT INTO `profiles` (`user_id`, `caption`, `rating`, `default_location`, `default_delivery_terms`, `photo_id`) VALUES (35, 'Magni earum eum dolore qui sint atque molestiae.', '4.036', POINT(6.304239, 80.457741), 'Vel et assumenda ut. Nobis voluptas voluptatibus est fugiat sint aliquid. Et et ratione accusamus placeat aut. Officiis fuga porro iure quo ipsum.', 35);
INSERT INTO `profiles` (`user_id`, `caption`, `rating`, `default_location`, `default_delivery_terms`, `photo_id`) VALUES (36, 'Quaerat illum laudantium et in sed minus sint.', '3.489', POINT(132.127777, 7.524196), 'Nisi voluptatibus cum earum voluptas molestiae. Quia nulla sunt debitis impedit. Et et qui veritatis dolor sint et. Hic consequatur delectus harum tenetur totam', 36);
INSERT INTO `profiles` (`user_id`, `caption`, `rating`, `default_location`, `default_delivery_terms`, `photo_id`) VALUES (37, 'Quo deleniti quidem sequi ut.', '2.807', POINT(175.793045, -30.632269), 'Aut magnam sed ad perspiciatis minima. Sunt ratione ipsum quas id nesciunt cum. Maiores est hic voluptatem enim facere rerum. Tempore ut officiis dolorum rem.', 37);
INSERT INTO `profiles` (`user_id`, `caption`, `rating`, `default_location`, `default_delivery_terms`, `photo_id`) VALUES (38, 'Aut voluptatem odit maiores est.', '3.112', POINT(132.743073, 77.316231), 'Consectetur atque et quis sit eos dolorem. Officia voluptatem dolorem magnam libero consequatur sed corporis. Ea quaerat illum enim sed asperiores quis at. Ipsu', 38);
INSERT INTO `profiles` (`user_id`, `caption`, `rating`, `default_location`, `default_delivery_terms`, `photo_id`) VALUES (39, 'Aut delectus accusamus illo saepe in.', '4.867', POINT(150.428848, -39.108337), 'Impedit labore blanditiis consequuntur voluptate voluptatem. Voluptatem quae officiis nisi perferendis quis dolore. Quibusdam temporibus ut non assumenda repudi', 39);
INSERT INTO `profiles` (`user_id`, `caption`, `rating`, `default_location`, `default_delivery_terms`, `photo_id`) VALUES (40, 'Temporibus minima blanditiis ut et nihil unde.', '3.821', POINT(118.827187, -36.191799), 'Dolorem neque quo tenetur sunt. Magnam est sequi esse quisquam et omnis enim.', 40);
INSERT INTO `profiles` (`user_id`, `caption`, `rating`, `default_location`, `default_delivery_terms`, `photo_id`) VALUES (41, 'Perferendis corporis delectus omnis ut et nobis.', '3.683', POINT(66.937943, -7.125474), 'Amet distinctio sed fugit recusandae adipisci ipsam inventore. Non voluptate corporis non eius. Ut non facere delectus molestiae consequuntur illum. Pariatur au', 41);
INSERT INTO `profiles` (`user_id`, `caption`, `rating`, `default_location`, `default_delivery_terms`, `photo_id`) VALUES (42, 'Nam corporis quo tenetur voluptate molestiae.', '4.579', POINT(162.732605, -33.760033), 'Laborum alias deserunt harum voluptas consequatur enim. Aliquam unde sint occaecati corrupti qui. Natus distinctio dolor et voluptatem quia ut et eligendi.', 42);
INSERT INTO `profiles` (`user_id`, `caption`, `rating`, `default_location`, `default_delivery_terms`, `photo_id`) VALUES (43, 'Necessitatibus aut quam molestiae porro dolore repudiandae eum.', '2.848', POINT(108.586441, -12.709727), 'Placeat vitae delectus architecto sint porro iure dolor. Qui mollitia similique et. Nisi sunt et et dolor. Quam atque debitis doloribus doloremque soluta sit ut', 43);
INSERT INTO `profiles` (`user_id`, `caption`, `rating`, `default_location`, `default_delivery_terms`, `photo_id`) VALUES (44, 'Laudantium qui voluptate minus doloribus ullam id magni.', '4.771', POINT(46.736008, -9.746638), 'At vel doloribus nam quae. Et distinctio odio non velit quia. Velit hic optio sit qui et voluptatem suscipit.', 44);
INSERT INTO `profiles` (`user_id`, `caption`, `rating`, `default_location`, `default_delivery_terms`, `photo_id`) VALUES (45, 'Quas laudantium eos velit eum.', '2.525', POINT(159.982178, -23.039291), 'Qui atque beatae quia aut quaerat non. Accusantium et illo libero quo. Quo expedita corporis repellat quis eaque dicta corrupti. Numquam non ut exercitationem e', 45);
INSERT INTO `profiles` (`user_id`, `caption`, `rating`, `default_location`, `default_delivery_terms`, `photo_id`) VALUES (46, 'Consequatur et iure occaecati officia neque sapiente voluptatem.', '4.135', POINT(135.338470, -5.176254), 'Corrupti sit dicta minus aut nihil officiis dignissimos. Quibusdam iusto aut et quia dolores deserunt. Quis praesentium provident ut dolorem modi explicabo. Quo', 46);
INSERT INTO `profiles` (`user_id`, `caption`, `rating`, `default_location`, `default_delivery_terms`, `photo_id`) VALUES (47, 'Dolor inventore vel expedita.', '4.956', POINT(75.581612, 5.209877), 'Dolor omnis non delectus placeat provident ut. Reprehenderit maiores voluptatem consectetur optio. Quasi distinctio corrupti incidunt pariatur odio.', 47);
INSERT INTO `profiles` (`user_id`, `caption`, `rating`, `default_location`, `default_delivery_terms`, `photo_id`) VALUES (48, 'Quasi debitis occaecati dicta cumque atque pariatur in cum.', '2.568', POINT(146.505707, -1.631225), 'Molestias mollitia sed consectetur aspernatur. Atque dolorem velit vero nulla. Qui est voluptatem harum quisquam. Dicta possimus nobis enim incidunt ut omnis si', 48);
INSERT INTO `profiles` (`user_id`, `caption`, `rating`, `default_location`, `default_delivery_terms`, `photo_id`) VALUES (49, 'Dolores repudiandae fugit cupiditate id ex.', '4.791', POINT(96.900856, -35.611702), 'Numquam in impedit quo ut rerum impedit. Sed officia non magnam molestiae eum. Commodi fugiat voluptas ut et rerum ipsa et perspiciatis. Temporibus sapiente ad ', 49);
INSERT INTO `profiles` (`user_id`, `caption`, `rating`, `default_location`, `default_delivery_terms`, `photo_id`) VALUES (50, 'Illo enim delectus sed tempore.', '2.452', POINT(54.166080, 70.755066), 'Consequatur qui temporibus atque voluptates ex consequuntur natus. Voluptatum possimus et fugit eos repellat id magnam. Ullam officiis quis ipsa rerum aliquid.', 50);
INSERT INTO `profiles` (`user_id`, `caption`, `rating`, `default_location`, `default_delivery_terms`, `photo_id`) VALUES (51, 'Sequi sint quo eos officiis ex illo placeat magni.', '2.058', POINT(96.609177, 85.542397), 'Molestiae rerum esse modi maxime sed blanditiis. Possimus optio est necessitatibus ex reiciendis et itaque. Dignissimos sit nobis enim repudiandae tempore sit m', 51);
INSERT INTO `profiles` (`user_id`, `caption`, `rating`, `default_location`, `default_delivery_terms`, `photo_id`) VALUES (52, 'Aut fugiat ut ut quaerat nemo quos.', '4.064', POINT(145.595642, -19.890125), 'Nisi voluptate velit quia libero modi. Odit numquam consequatur porro tempore. Consequuntur sit voluptatem quidem ducimus. Facere modi odio et voluptas id.', 52);
INSERT INTO `profiles` (`user_id`, `caption`, `rating`, `default_location`, `default_delivery_terms`, `photo_id`) VALUES (53, 'Aliquam nulla molestiae velit rem esse molestias nemo est.', '2.969', POINT(12.848864, 8.874927), 'Et ad doloribus provident enim velit culpa. Autem labore enim iste dolores labore. Asperiores est eveniet voluptatem neque corrupti numquam atque harum.', 53);
INSERT INTO `profiles` (`user_id`, `caption`, `rating`, `default_location`, `default_delivery_terms`, `photo_id`) VALUES (54, 'Minus exercitationem ullam doloremque exercitationem consequuntur.', '4.627', POINT(171.100662, -7.289622), 'Ut adipisci magnam autem et repellat. Id dicta quia et. Beatae ea libero veniam in voluptatem voluptatum.', 54);
INSERT INTO `profiles` (`user_id`, `caption`, `rating`, `default_location`, `default_delivery_terms`, `photo_id`) VALUES (55, 'Maiores saepe voluptas corrupti expedita ducimus.', '2.166', POINT(179.079712, 62.275898), 'Quas id qui nemo animi laboriosam. Minima corporis dolores qui dicta omnis et autem.', 55);
INSERT INTO `profiles` (`user_id`, `caption`, `rating`, `default_location`, `default_delivery_terms`, `photo_id`) VALUES (56, 'Illum quia ex et culpa aut minima.', '2.551', POINT(95.249214, -85.729065), 'Unde illo aut odit blanditiis nesciunt repellat non. Fuga ut quaerat est nobis dolorem. Iste in error architecto.', 56);
INSERT INTO `profiles` (`user_id`, `caption`, `rating`, `default_location`, `default_delivery_terms`, `photo_id`) VALUES (57, 'Cupiditate ea ut qui qui necessitatibus eaque cumque.', '4.893', POINT(94.503563, 44.494495), 'Necessitatibus quisquam vel reiciendis voluptatem esse. Ab et ullam dicta tenetur. Velit consequatur maxime aut animi dignissimos.', 57);
INSERT INTO `profiles` (`user_id`, `caption`, `rating`, `default_location`, `default_delivery_terms`, `photo_id`) VALUES (58, 'Quia est totam sunt sed.', '3.501', POINT(37.250183, -19.508532), 'Eligendi omnis repudiandae cupiditate quia voluptatem odit. Nesciunt officia nesciunt omnis numquam non. Et ut consequatur non sit a. Quis porro soluta iure dig', 58);
INSERT INTO `profiles` (`user_id`, `caption`, `rating`, `default_location`, `default_delivery_terms`, `photo_id`) VALUES (59, 'Inventore laborum aut qui.', '4.666', POINT(45.613247, -30.792656), 'Et assumenda beatae qui et hic voluptatem aut. Dolorem quae reiciendis qui nesciunt. Iste est repellendus excepturi distinctio nam vel laboriosam inventore.', 59);
INSERT INTO `profiles` (`user_id`, `caption`, `rating`, `default_location`, `default_delivery_terms`, `photo_id`) VALUES (60, 'Consequatur eum repudiandae iusto hic consequuntur non.', '4.956', POINT(100.552628, 61.529968), 'Dolorem consequatur occaecati quaerat dolores. Minus velit cupiditate ea rerum quidem quibusdam. Eius et perferendis est mollitia.', 60);
INSERT INTO `profiles` (`user_id`, `caption`, `rating`, `default_location`, `default_delivery_terms`, `photo_id`) VALUES (61, 'Reprehenderit alias odio nihil.', '4.919', POINT(155.445343, 44.552113), 'Soluta nam aliquam hic optio optio rerum incidunt. Et numquam sint cum totam laborum. Quae magnam accusantium provident dignissimos nam incidunt. Laboriosam omn', 61);
INSERT INTO `profiles` (`user_id`, `caption`, `rating`, `default_location`, `default_delivery_terms`, `photo_id`) VALUES (62, 'Atque consequatur facere voluptatem.', '2.665', POINT(76.238197, -16.930248), 'Vero dolorum libero voluptas corporis rerum placeat et. Ea nulla nemo eaque.', 62);
INSERT INTO `profiles` (`user_id`, `caption`, `rating`, `default_location`, `default_delivery_terms`, `photo_id`) VALUES (63, 'Aut vel aut unde nam doloribus nisi.', '3.639', POINT(109.526375, 60.656605), 'Et aut non debitis enim quo debitis nemo. Quam repellendus qui ratione qui adipisci est. Non velit doloribus distinctio et.', 63);
INSERT INTO `profiles` (`user_id`, `caption`, `rating`, `default_location`, `default_delivery_terms`, `photo_id`) VALUES (64, 'Ab ea ad dignissimos aspernatur quod architecto eius.', '3.213', POINT(108.528313, 42.070438), 'Tempore qui voluptate qui dolor. Omnis beatae autem qui placeat voluptas hic sed. Harum dignissimos veniam occaecati impedit voluptatem. Quae ipsum eum et et al', 64);
INSERT INTO `profiles` (`user_id`, `caption`, `rating`, `default_location`, `default_delivery_terms`, `photo_id`) VALUES (65, 'Repellat modi et quia illum qui.', '2.316', POINT(102.481941, -7.945015), 'Aliquam commodi excepturi alias sapiente commodi quia. Quia aut aut qui officiis sed et omnis est. Minima accusantium pariatur et fugiat officiis rerum. Minima ', 65);
INSERT INTO `profiles` (`user_id`, `caption`, `rating`, `default_location`, `default_delivery_terms`, `photo_id`) VALUES (66, 'Fuga consequatur autem qui nostrum illum incidunt.', '3.497', POINT(111.163200, 31.625429), 'Aliquid dolor quo voluptate rerum omnis consectetur vitae. Aut eligendi ipsum sit sed recusandae quibusdam. Molestias non eos saepe. Et repudiandae eaque nisi c', 66);
INSERT INTO `profiles` (`user_id`, `caption`, `rating`, `default_location`, `default_delivery_terms`, `photo_id`) VALUES (67, 'Sint eos itaque quasi qui porro molestiae quibusdam.', '4.992', POINT(96.862312, 1.841748), 'Magni dolore natus molestiae molestiae. Quaerat dolores sit sequi rem. Beatae recusandae corrupti et tenetur mollitia quam quis.', 67);
INSERT INTO `profiles` (`user_id`, `caption`, `rating`, `default_location`, `default_delivery_terms`, `photo_id`) VALUES (68, 'Impedit voluptatibus qui enim et.', '2.387', POINT(170.689087, -71.661110), 'Ut laborum quia et. Minima molestias rerum illo reiciendis earum necessitatibus recusandae et. Impedit et hic harum exercitationem quod a cumque.', 68);
INSERT INTO `profiles` (`user_id`, `caption`, `rating`, `default_location`, `default_delivery_terms`, `photo_id`) VALUES (69, 'Eos magnam accusantium sunt sunt iusto eligendi.', '4.76', POINT(27.951326, 71.049438), 'Voluptate recusandae unde et quo necessitatibus in. Excepturi ipsam magni exercitationem. Est facilis expedita earum voluptas. Eos aut dolor quis porro.', 69);
INSERT INTO `profiles` (`user_id`, `caption`, `rating`, `default_location`, `default_delivery_terms`, `photo_id`) VALUES (70, 'Veritatis nostrum vel esse.', '2.704', POINT(149.226624, -34.518299), 'Consequatur fuga tempore ut. Ut tempora quae itaque quisquam earum fuga dolores sed. Eos ipsum quibusdam voluptas totam. Quibusdam doloribus praesentium repella', 70);
INSERT INTO `profiles` (`user_id`, `caption`, `rating`, `default_location`, `default_delivery_terms`, `photo_id`) VALUES (71, 'Voluptas cumque perspiciatis vel maxime.', '2.853', POINT(97.080551, -38.128120), 'Nobis consequatur qui mollitia exercitationem modi nesciunt labore. Animi amet vel et. Labore sed est vero ut expedita sint eos. Quis doloremque consequatur vol', 71);
INSERT INTO `profiles` (`user_id`, `caption`, `rating`, `default_location`, `default_delivery_terms`, `photo_id`) VALUES (72, 'Facilis qui molestiae voluptate.', '4.149', POINT(136.117111, -45.207561), 'Laudantium dolorum consectetur omnis sit culpa. Rerum nostrum tempore quas error labore expedita facilis. Consequatur est ea voluptatem officiis ipsa.', 72);
INSERT INTO `profiles` (`user_id`, `caption`, `rating`, `default_location`, `default_delivery_terms`, `photo_id`) VALUES (73, 'Minus iusto sapiente voluptas architecto saepe dolores.', '4.139', POINT(99.551300, 6.753340), 'Voluptas odit nam eum quisquam et. Nisi voluptatem vitae unde fugiat temporibus delectus. Architecto suscipit velit id dolor.', 73);
INSERT INTO `profiles` (`user_id`, `caption`, `rating`, `default_location`, `default_delivery_terms`, `photo_id`) VALUES (74, 'Ut quia eos quos aliquam.', '3.98', POINT(168.095444, -33.682972), 'Quos aut dolorem fugiat cum qui. Nam voluptatem amet quo sit voluptatum tempore debitis.', 74);
INSERT INTO `profiles` (`user_id`, `caption`, `rating`, `default_location`, `default_delivery_terms`, `photo_id`) VALUES (75, 'Fuga error totam voluptatem.', '2.919', POINT(167.263535, -17.767609), 'Quas et dolore sapiente maiores nihil ipsum quod ut. Aut et maxime eos laboriosam voluptatem accusamus. Asperiores pariatur provident deleniti eum.', 75);
INSERT INTO `profiles` (`user_id`, `caption`, `rating`, `default_location`, `default_delivery_terms`, `photo_id`) VALUES (76, 'Voluptatem voluptate non molestias iste quaerat eaque autem velit.', '3.367', POINT(44.000282, -63.819378), 'Quos molestiae culpa voluptatem quidem dolorem non. Optio et est molestias similique. Expedita doloribus ratione similique. Et modi eos ullam sunt omnis.', 76);
INSERT INTO `profiles` (`user_id`, `caption`, `rating`, `default_location`, `default_delivery_terms`, `photo_id`) VALUES (77, 'Et ut delectus quia ab harum.', '2.91', POINT(137.343796, 84.432137), 'Maxime perspiciatis reiciendis totam ut sit saepe blanditiis. Culpa commodi aut qui voluptates. Nobis doloribus velit qui qui reiciendis. Alias veniam quae cum ', 77);
INSERT INTO `profiles` (`user_id`, `caption`, `rating`, `default_location`, `default_delivery_terms`, `photo_id`) VALUES (78, 'Quae dolorum perferendis repellat reprehenderit occaecati iste ad.', '4.376', POINT(37.436867, -18.149040), 'Enim quo saepe maxime totam asperiores excepturi. Molestias et eaque magni cupiditate saepe. Laboriosam eveniet at ducimus aut aliquid natus eos velit.', 78);
INSERT INTO `profiles` (`user_id`, `caption`, `rating`, `default_location`, `default_delivery_terms`, `photo_id`) VALUES (79, 'Quo temporibus et consequuntur rem neque.', '2.597', POINT(80.760735, -2.923968), 'Cum quisquam porro dicta est esse. Aut minima ratione nemo aperiam veniam qui. Expedita quaerat quia voluptas inventore eius.', 79);
INSERT INTO `profiles` (`user_id`, `caption`, `rating`, `default_location`, `default_delivery_terms`, `photo_id`) VALUES (80, 'Minima blanditiis dolorem illum ipsam nisi.', '4.667', POINT(45.214176, -42.884720), 'Rem ex fugit et illum. Praesentium et minus dolorem at. Odit sit debitis corporis quia non nisi. Earum magnam laudantium expedita fugiat.', 80);
INSERT INTO `profiles` (`user_id`, `caption`, `rating`, `default_location`, `default_delivery_terms`, `photo_id`) VALUES (81, 'Accusamus minus quia nostrum sed sed consectetur eius.', '3.321', POINT(155.910278, -16.574963), 'Quo esse et quis in nulla consequuntur alias. Harum repellat commodi possimus in ea labore. Delectus cum corrupti natus occaecati. Sint culpa et aut eligendi.', 81);
INSERT INTO `profiles` (`user_id`, `caption`, `rating`, `default_location`, `default_delivery_terms`, `photo_id`) VALUES (82, 'Odio quis nam tempora est.', '2.751', POINT(108.674965, 31.163248), 'Quaerat a est quo aliquid quos. Consequatur velit non quia et et. Numquam perspiciatis ipsum aut. Harum eius eveniet provident reiciendis perspiciatis qui ut ni', 82);
INSERT INTO `profiles` (`user_id`, `caption`, `rating`, `default_location`, `default_delivery_terms`, `photo_id`) VALUES (83, 'Dolorum illum beatae placeat temporibus hic.', '4.999', POINT(57.746582, -78.070961), 'Voluptas saepe recusandae suscipit sapiente omnis dolorem fugiat voluptates. Quia facere ullam minima debitis laborum.', 83);
INSERT INTO `profiles` (`user_id`, `caption`, `rating`, `default_location`, `default_delivery_terms`, `photo_id`) VALUES (84, 'Sunt alias culpa aut molestiae quo nihil.', '3.994', POINT(8.588203, 56.848598), 'Vel id enim dignissimos tempora at sint perferendis. Et ratione placeat et.', 84);
INSERT INTO `profiles` (`user_id`, `caption`, `rating`, `default_location`, `default_delivery_terms`, `photo_id`) VALUES (85, 'Quae molestias id et mollitia optio sed enim.', '4.353', POINT(105.289932, 3.298974), 'Est dicta sunt autem omnis. Nihil ex amet aut delectus. Provident enim quia qui reiciendis provident et nemo. Earum perspiciatis voluptas voluptatum.', 85);
INSERT INTO `profiles` (`user_id`, `caption`, `rating`, `default_location`, `default_delivery_terms`, `photo_id`) VALUES (86, 'Laborum minima rerum amet nostrum velit velit.', '2.009', POINT(75.878281, -85.931084), 'Tempore voluptates deleniti et deserunt ut. Ratione nesciunt nemo maxime distinctio eaque cum. Voluptatibus sint sed in asperiores et ut vitae eaque.', 86);
INSERT INTO `profiles` (`user_id`, `caption`, `rating`, `default_location`, `default_delivery_terms`, `photo_id`) VALUES (87, 'Iure maiores nam est culpa.', '2.636', POINT(26.652252, -27.134216), 'Commodi dolorem saepe quo est ea quia. Nisi qui quia id iure optio.', 87);
INSERT INTO `profiles` (`user_id`, `caption`, `rating`, `default_location`, `default_delivery_terms`, `photo_id`) VALUES (88, 'Doloribus aut consequatur et optio.', '3.59', POINT(100.922554, 54.362724), 'Architecto delectus nihil distinctio at voluptatem veritatis quia voluptatum. Ipsam autem voluptas itaque et. Aperiam qui aut nobis voluptatum. Quibusdam autem ', 88);
INSERT INTO `profiles` (`user_id`, `caption`, `rating`, `default_location`, `default_delivery_terms`, `photo_id`) VALUES (89, 'Quis consequatur voluptatem consectetur veritatis accusantium fugit.', '2.764', POINT(56.294136, 41.554436), 'Consequatur corrupti autem consequatur architecto ut ipsa nam. Expedita commodi beatae ut quasi exercitationem repellendus rerum. Quas vero in enim adipisci qui', 89);
INSERT INTO `profiles` (`user_id`, `caption`, `rating`, `default_location`, `default_delivery_terms`, `photo_id`) VALUES (90, 'Rerum dolorum autem accusamus et sunt quo.', '4.565', POINT(92.426353, 27.190680), 'Aut quia nam aut nulla sapiente nihil. Ut nam sapiente inventore provident repellendus eum fuga.', 90);
INSERT INTO `profiles` (`user_id`, `caption`, `rating`, `default_location`, `default_delivery_terms`, `photo_id`) VALUES (91, 'Repellendus quam quis animi doloremque veritatis officiis aut expedita.', '2.218', POINT(38.836872, -78.697762), 'Ex exercitationem modi et sunt vel magnam sapiente iusto. Qui enim ut nam ea quasi. Accusamus provident qui est atque. Vel et itaque et velit voluptate vero.', 91);
INSERT INTO `profiles` (`user_id`, `caption`, `rating`, `default_location`, `default_delivery_terms`, `photo_id`) VALUES (92, 'Optio voluptatem dicta sed et.', '2.425', POINT(118.535736, -12.791927), 'Id quae et aut reprehenderit nesciunt voluptatem. Qui vel culpa et. Id perspiciatis soluta iure maxime praesentium saepe cumque.', 92);
INSERT INTO `profiles` (`user_id`, `caption`, `rating`, `default_location`, `default_delivery_terms`, `photo_id`) VALUES (93, 'Debitis placeat modi eaque inventore sit.', '4.184', POINT(10.997487, -4.069151), 'Veritatis autem velit quam et debitis aliquid. Nihil hic qui incidunt. Laudantium labore deserunt laudantium sit et in quod. Quod facilis temporibus omnis perfe', 93);
INSERT INTO `profiles` (`user_id`, `caption`, `rating`, `default_location`, `default_delivery_terms`, `photo_id`) VALUES (94, 'Ipsum quam vitae omnis iure.', '4.602', POINT(149.890961, -63.441910), 'Ut molestiae amet aperiam esse asperiores voluptas molestias. Error magni ut omnis est distinctio. Omnis quia sit ea et minus voluptatibus aut.', 94);
INSERT INTO `profiles` (`user_id`, `caption`, `rating`, `default_location`, `default_delivery_terms`, `photo_id`) VALUES (95, 'Perspiciatis illum est optio animi voluptatem consequuntur.', '4.629', POINT(34.274693, -34.032490), 'Dolores rerum nihil hic fuga quam quas ab. Dolorem sint aliquam aut reprehenderit. Blanditiis et minus consequatur velit incidunt nihil. Doloremque et quasi cum', 95);
INSERT INTO `profiles` (`user_id`, `caption`, `rating`, `default_location`, `default_delivery_terms`, `photo_id`) VALUES (96, 'Deleniti et velit et explicabo aut voluptas eos.', '4.363', POINT(168.909271, 74.326553), 'Placeat omnis asperiores sint voluptatibus. Ipsa optio et facere ducimus. Aut iure iusto expedita natus.', 96);
INSERT INTO `profiles` (`user_id`, `caption`, `rating`, `default_location`, `default_delivery_terms`, `photo_id`) VALUES (97, 'Enim ipsa quisquam laborum.', '3.793', POINT(96.577782, -79.049759), 'Iusto ad explicabo laborum aliquam. Qui aut qui amet enim eum. Dignissimos eius suscipit facere facilis.', 97);
INSERT INTO `profiles` (`user_id`, `caption`, `rating`, `default_location`, `default_delivery_terms`, `photo_id`) VALUES (98, 'Rerum quas hic nesciunt.', '3.454', POINT(164.286942, 15.252297), 'Quos sit natus cupiditate sit possimus delectus. Architecto dolorem fuga et sit possimus in. Fuga perferendis quia quam amet nemo iste iure.', 98);
INSERT INTO `profiles` (`user_id`, `caption`, `rating`, `default_location`, `default_delivery_terms`, `photo_id`) VALUES (99, 'Assumenda ipsum omnis quo ipsa.', '4.25', POINT(67.707726, -87.795166), 'Nesciunt voluptatem architecto et est eius. Blanditiis nemo expedita voluptatem voluptas ullam praesentium. Incidunt accusantium laudantium nihil praesentium ne', 99);
INSERT INTO `profiles` (`user_id`, `caption`, `rating`, `default_location`, `default_delivery_terms`, `photo_id`) VALUES (100, 'Et ducimus deserunt provident nobis.', '4.025', POINT(158.587891, -70.887451), 'Ipsam blanditiis et aperiam dolor distinctio. Voluptate est quibusdam amet optio eum. Suscipit voluptatum hic autem asperiores ut esse.', 100);


-- deal_photos
INSERT INTO `deal_photos` (`deals_id`, `photos_id`, `is_main`) VALUES (1, 1, 0);
INSERT INTO `deal_photos` (`deals_id`, `photos_id`, `is_main`) VALUES (1, 83, 1);
INSERT INTO `deal_photos` (`deals_id`, `photos_id`, `is_main`) VALUES (1, 165, 0);
INSERT INTO `deal_photos` (`deals_id`, `photos_id`, `is_main`) VALUES (2, 2, 0);
INSERT INTO `deal_photos` (`deals_id`, `photos_id`, `is_main`) VALUES (2, 84, 1);
INSERT INTO `deal_photos` (`deals_id`, `photos_id`, `is_main`) VALUES (2, 166, 0);
INSERT INTO `deal_photos` (`deals_id`, `photos_id`, `is_main`) VALUES (3, 3, 0);
INSERT INTO `deal_photos` (`deals_id`, `photos_id`, `is_main`) VALUES (3, 85, 1);
INSERT INTO `deal_photos` (`deals_id`, `photos_id`, `is_main`) VALUES (3, 167, 0);
INSERT INTO `deal_photos` (`deals_id`, `photos_id`, `is_main`) VALUES (4, 4, 0);
INSERT INTO `deal_photos` (`deals_id`, `photos_id`, `is_main`) VALUES (4, 86, 1);
INSERT INTO `deal_photos` (`deals_id`, `photos_id`, `is_main`) VALUES (4, 168, 0);
INSERT INTO `deal_photos` (`deals_id`, `photos_id`, `is_main`) VALUES (5, 5, 0);
INSERT INTO `deal_photos` (`deals_id`, `photos_id`, `is_main`) VALUES (5, 87, 1);
INSERT INTO `deal_photos` (`deals_id`, `photos_id`, `is_main`) VALUES (5, 169, 0);
INSERT INTO `deal_photos` (`deals_id`, `photos_id`, `is_main`) VALUES (6, 6, 1);
INSERT INTO `deal_photos` (`deals_id`, `photos_id`, `is_main`) VALUES (6, 88, 0);
INSERT INTO `deal_photos` (`deals_id`, `photos_id`, `is_main`) VALUES (6, 170, 0);
INSERT INTO `deal_photos` (`deals_id`, `photos_id`, `is_main`) VALUES (7, 7, 1);
INSERT INTO `deal_photos` (`deals_id`, `photos_id`, `is_main`) VALUES (7, 89, 0);
INSERT INTO `deal_photos` (`deals_id`, `photos_id`, `is_main`) VALUES (8, 8, 0);
INSERT INTO `deal_photos` (`deals_id`, `photos_id`, `is_main`) VALUES (8, 90, 1);
INSERT INTO `deal_photos` (`deals_id`, `photos_id`, `is_main`) VALUES (9, 9, 1);
INSERT INTO `deal_photos` (`deals_id`, `photos_id`, `is_main`) VALUES (9, 91, 0);
INSERT INTO `deal_photos` (`deals_id`, `photos_id`, `is_main`) VALUES (10, 10, 1);
INSERT INTO `deal_photos` (`deals_id`, `photos_id`, `is_main`) VALUES (10, 92, 0);
INSERT INTO `deal_photos` (`deals_id`, `photos_id`, `is_main`) VALUES (11, 11, 1);
INSERT INTO `deal_photos` (`deals_id`, `photos_id`, `is_main`) VALUES (11, 93, 0);
INSERT INTO `deal_photos` (`deals_id`, `photos_id`, `is_main`) VALUES (12, 12, 0);
INSERT INTO `deal_photos` (`deals_id`, `photos_id`, `is_main`) VALUES (12, 94, 1);
INSERT INTO `deal_photos` (`deals_id`, `photos_id`, `is_main`) VALUES (13, 13, 1);
INSERT INTO `deal_photos` (`deals_id`, `photos_id`, `is_main`) VALUES (13, 95, 0);
INSERT INTO `deal_photos` (`deals_id`, `photos_id`, `is_main`) VALUES (13, 14, 0);
INSERT INTO `deal_photos` (`deals_id`, `photos_id`, `is_main`) VALUES (14, 96, 0);
INSERT INTO `deal_photos` (`deals_id`, `photos_id`, `is_main`) VALUES (15, 15, 0);
INSERT INTO `deal_photos` (`deals_id`, `photos_id`, `is_main`) VALUES (13, 97, 0);
INSERT INTO `deal_photos` (`deals_id`, `photos_id`, `is_main`) VALUES (16, 16, 0);
INSERT INTO `deal_photos` (`deals_id`, `photos_id`, `is_main`) VALUES (16, 98, 1);
INSERT INTO `deal_photos` (`deals_id`, `photos_id`, `is_main`) VALUES (17, 17, 1);
INSERT INTO `deal_photos` (`deals_id`, `photos_id`, `is_main`) VALUES (17, 99, 0);
INSERT INTO `deal_photos` (`deals_id`, `photos_id`, `is_main`) VALUES (18, 18, 1);
INSERT INTO `deal_photos` (`deals_id`, `photos_id`, `is_main`) VALUES (18, 100, 0);
INSERT INTO `deal_photos` (`deals_id`, `photos_id`, `is_main`) VALUES (19, 19, 0);
INSERT INTO `deal_photos` (`deals_id`, `photos_id`, `is_main`) VALUES (19, 101, 1);
INSERT INTO `deal_photos` (`deals_id`, `photos_id`, `is_main`) VALUES (20, 20, 0);
INSERT INTO `deal_photos` (`deals_id`, `photos_id`, `is_main`) VALUES (20, 102, 1);
INSERT INTO `deal_photos` (`deals_id`, `photos_id`, `is_main`) VALUES (21, 21, 1);
INSERT INTO `deal_photos` (`deals_id`, `photos_id`, `is_main`) VALUES (21, 103, 0);
INSERT INTO `deal_photos` (`deals_id`, `photos_id`, `is_main`) VALUES (22, 22, 1);
INSERT INTO `deal_photos` (`deals_id`, `photos_id`, `is_main`) VALUES (22, 104, 0);
INSERT INTO `deal_photos` (`deals_id`, `photos_id`, `is_main`) VALUES (23, 23, 0);
INSERT INTO `deal_photos` (`deals_id`, `photos_id`, `is_main`) VALUES (23, 105, 1);
INSERT INTO `deal_photos` (`deals_id`, `photos_id`, `is_main`) VALUES (24, 24, 1);
INSERT INTO `deal_photos` (`deals_id`, `photos_id`, `is_main`) VALUES (24, 106, 0);
INSERT INTO `deal_photos` (`deals_id`, `photos_id`, `is_main`) VALUES (25, 25, 1);
INSERT INTO `deal_photos` (`deals_id`, `photos_id`, `is_main`) VALUES (25, 107, 0);
INSERT INTO `deal_photos` (`deals_id`, `photos_id`, `is_main`) VALUES (26, 26, 1);
INSERT INTO `deal_photos` (`deals_id`, `photos_id`, `is_main`) VALUES (26, 108, 0);
INSERT INTO `deal_photos` (`deals_id`, `photos_id`, `is_main`) VALUES (27, 27, 1);
INSERT INTO `deal_photos` (`deals_id`, `photos_id`, `is_main`) VALUES (27, 109, 0);
INSERT INTO `deal_photos` (`deals_id`, `photos_id`, `is_main`) VALUES (28, 28, 1);
INSERT INTO `deal_photos` (`deals_id`, `photos_id`, `is_main`) VALUES (28, 110, 0);
INSERT INTO `deal_photos` (`deals_id`, `photos_id`, `is_main`) VALUES (29, 29, 0);
INSERT INTO `deal_photos` (`deals_id`, `photos_id`, `is_main`) VALUES (29, 111, 1);
INSERT INTO `deal_photos` (`deals_id`, `photos_id`, `is_main`) VALUES (30, 30, 1);
INSERT INTO `deal_photos` (`deals_id`, `photos_id`, `is_main`) VALUES (30, 112, 0);
INSERT INTO `deal_photos` (`deals_id`, `photos_id`, `is_main`) VALUES (31, 31, 1);
INSERT INTO `deal_photos` (`deals_id`, `photos_id`, `is_main`) VALUES (31, 113, 0);
INSERT INTO `deal_photos` (`deals_id`, `photos_id`, `is_main`) VALUES (32, 32, 0);
INSERT INTO `deal_photos` (`deals_id`, `photos_id`, `is_main`) VALUES (32, 114, 1);
INSERT INTO `deal_photos` (`deals_id`, `photos_id`, `is_main`) VALUES (33, 33, 1);
INSERT INTO `deal_photos` (`deals_id`, `photos_id`, `is_main`) VALUES (33, 115, 0);
INSERT INTO `deal_photos` (`deals_id`, `photos_id`, `is_main`) VALUES (34, 34, 1);
INSERT INTO `deal_photos` (`deals_id`, `photos_id`, `is_main`) VALUES (34, 116, 0);
INSERT INTO `deal_photos` (`deals_id`, `photos_id`, `is_main`) VALUES (35, 35, 1);
INSERT INTO `deal_photos` (`deals_id`, `photos_id`, `is_main`) VALUES (35, 117, 0);
INSERT INTO `deal_photos` (`deals_id`, `photos_id`, `is_main`) VALUES (36, 36, 1);
INSERT INTO `deal_photos` (`deals_id`, `photos_id`, `is_main`) VALUES (36, 118, 0);
INSERT INTO `deal_photos` (`deals_id`, `photos_id`, `is_main`) VALUES (37, 37, 1);
INSERT INTO `deal_photos` (`deals_id`, `photos_id`, `is_main`) VALUES (37, 119, 0);
INSERT INTO `deal_photos` (`deals_id`, `photos_id`, `is_main`) VALUES (38, 38, 1);
INSERT INTO `deal_photos` (`deals_id`, `photos_id`, `is_main`) VALUES (38, 120, 0);
INSERT INTO `deal_photos` (`deals_id`, `photos_id`, `is_main`) VALUES (39, 39, 0);
INSERT INTO `deal_photos` (`deals_id`, `photos_id`, `is_main`) VALUES (39, 121, 1);
INSERT INTO `deal_photos` (`deals_id`, `photos_id`, `is_main`) VALUES (40, 40, 1);
INSERT INTO `deal_photos` (`deals_id`, `photos_id`, `is_main`) VALUES (40, 122, 0);
INSERT INTO `deal_photos` (`deals_id`, `photos_id`, `is_main`) VALUES (41, 41, 1);
INSERT INTO `deal_photos` (`deals_id`, `photos_id`, `is_main`) VALUES (41, 123, 0);
INSERT INTO `deal_photos` (`deals_id`, `photos_id`, `is_main`) VALUES (42, 42, 1);
INSERT INTO `deal_photos` (`deals_id`, `photos_id`, `is_main`) VALUES (42, 124, 0);
INSERT INTO `deal_photos` (`deals_id`, `photos_id`, `is_main`) VALUES (43, 43, 1);
INSERT INTO `deal_photos` (`deals_id`, `photos_id`, `is_main`) VALUES (43, 125, 0);
INSERT INTO `deal_photos` (`deals_id`, `photos_id`, `is_main`) VALUES (44, 44, 1);
INSERT INTO `deal_photos` (`deals_id`, `photos_id`, `is_main`) VALUES (44, 126, 0);
INSERT INTO `deal_photos` (`deals_id`, `photos_id`, `is_main`) VALUES (45, 45, 1);
INSERT INTO `deal_photos` (`deals_id`, `photos_id`, `is_main`) VALUES (45, 127, 0);
INSERT INTO `deal_photos` (`deals_id`, `photos_id`, `is_main`) VALUES (46, 46, 1);
INSERT INTO `deal_photos` (`deals_id`, `photos_id`, `is_main`) VALUES (46, 128, 0);
INSERT INTO `deal_photos` (`deals_id`, `photos_id`, `is_main`) VALUES (47, 47, 1);
INSERT INTO `deal_photos` (`deals_id`, `photos_id`, `is_main`) VALUES (47, 129, 0);
INSERT INTO `deal_photos` (`deals_id`, `photos_id`, `is_main`) VALUES (48, 48, 1);
INSERT INTO `deal_photos` (`deals_id`, `photos_id`, `is_main`) VALUES (48, 130, 0);
INSERT INTO `deal_photos` (`deals_id`, `photos_id`, `is_main`) VALUES (49, 49, 1);
INSERT INTO `deal_photos` (`deals_id`, `photos_id`, `is_main`) VALUES (49, 131, 0);
INSERT INTO `deal_photos` (`deals_id`, `photos_id`, `is_main`) VALUES (50, 50, 1);
INSERT INTO `deal_photos` (`deals_id`, `photos_id`, `is_main`) VALUES (50, 132, 0);
INSERT INTO `deal_photos` (`deals_id`, `photos_id`, `is_main`) VALUES (51, 51, 1);
INSERT INTO `deal_photos` (`deals_id`, `photos_id`, `is_main`) VALUES (51, 133, 0);
INSERT INTO `deal_photos` (`deals_id`, `photos_id`, `is_main`) VALUES (52, 52, 0);
INSERT INTO `deal_photos` (`deals_id`, `photos_id`, `is_main`) VALUES (52, 134, 1);
INSERT INTO `deal_photos` (`deals_id`, `photos_id`, `is_main`) VALUES (53, 53, 1);
INSERT INTO `deal_photos` (`deals_id`, `photos_id`, `is_main`) VALUES (53, 135, 0);
INSERT INTO `deal_photos` (`deals_id`, `photos_id`, `is_main`) VALUES (54, 54, 1);
INSERT INTO `deal_photos` (`deals_id`, `photos_id`, `is_main`) VALUES (54, 136, 0);
INSERT INTO `deal_photos` (`deals_id`, `photos_id`, `is_main`) VALUES (55, 55, 1);
INSERT INTO `deal_photos` (`deals_id`, `photos_id`, `is_main`) VALUES (55, 137, 0);
INSERT INTO `deal_photos` (`deals_id`, `photos_id`, `is_main`) VALUES (56, 56, 1);
INSERT INTO `deal_photos` (`deals_id`, `photos_id`, `is_main`) VALUES (56, 138, 0);
INSERT INTO `deal_photos` (`deals_id`, `photos_id`, `is_main`) VALUES (57, 57, 1);
INSERT INTO `deal_photos` (`deals_id`, `photos_id`, `is_main`) VALUES (57, 139, 0);
INSERT INTO `deal_photos` (`deals_id`, `photos_id`, `is_main`) VALUES (58, 58, 1);
INSERT INTO `deal_photos` (`deals_id`, `photos_id`, `is_main`) VALUES (58, 140, 0);
INSERT INTO `deal_photos` (`deals_id`, `photos_id`, `is_main`) VALUES (59, 59, 1);
INSERT INTO `deal_photos` (`deals_id`, `photos_id`, `is_main`) VALUES (59, 141, 0);
INSERT INTO `deal_photos` (`deals_id`, `photos_id`, `is_main`) VALUES (60, 60, 1);
INSERT INTO `deal_photos` (`deals_id`, `photos_id`, `is_main`) VALUES (60, 142, 0);
INSERT INTO `deal_photos` (`deals_id`, `photos_id`, `is_main`) VALUES (61, 61, 1);
INSERT INTO `deal_photos` (`deals_id`, `photos_id`, `is_main`) VALUES (61, 143, 0);
INSERT INTO `deal_photos` (`deals_id`, `photos_id`, `is_main`) VALUES (62, 62, 1);
INSERT INTO `deal_photos` (`deals_id`, `photos_id`, `is_main`) VALUES (62, 144, 0);
INSERT INTO `deal_photos` (`deals_id`, `photos_id`, `is_main`) VALUES (63, 63, 1);
INSERT INTO `deal_photos` (`deals_id`, `photos_id`, `is_main`) VALUES (63, 145, 0);
INSERT INTO `deal_photos` (`deals_id`, `photos_id`, `is_main`) VALUES (64, 64, 1);
INSERT INTO `deal_photos` (`deals_id`, `photos_id`, `is_main`) VALUES (64, 146, 0);
INSERT INTO `deal_photos` (`deals_id`, `photos_id`, `is_main`) VALUES (65, 65, 1);
INSERT INTO `deal_photos` (`deals_id`, `photos_id`, `is_main`) VALUES (65, 147, 0);
INSERT INTO `deal_photos` (`deals_id`, `photos_id`, `is_main`) VALUES (66, 66, 0);
INSERT INTO `deal_photos` (`deals_id`, `photos_id`, `is_main`) VALUES (66, 148, 1);
INSERT INTO `deal_photos` (`deals_id`, `photos_id`, `is_main`) VALUES (67, 67, 1);
INSERT INTO `deal_photos` (`deals_id`, `photos_id`, `is_main`) VALUES (67, 149, 0);
INSERT INTO `deal_photos` (`deals_id`, `photos_id`, `is_main`) VALUES (68, 68, 1);
INSERT INTO `deal_photos` (`deals_id`, `photos_id`, `is_main`) VALUES (68, 150, 0);
INSERT INTO `deal_photos` (`deals_id`, `photos_id`, `is_main`) VALUES (69, 69, 1);
INSERT INTO `deal_photos` (`deals_id`, `photos_id`, `is_main`) VALUES (69, 151, 0);
INSERT INTO `deal_photos` (`deals_id`, `photos_id`, `is_main`) VALUES (70, 70, 1);
INSERT INTO `deal_photos` (`deals_id`, `photos_id`, `is_main`) VALUES (70, 152, 0);
INSERT INTO `deal_photos` (`deals_id`, `photos_id`, `is_main`) VALUES (71, 71, 1);
INSERT INTO `deal_photos` (`deals_id`, `photos_id`, `is_main`) VALUES (71, 153, 0);
INSERT INTO `deal_photos` (`deals_id`, `photos_id`, `is_main`) VALUES (72, 72, 1);
INSERT INTO `deal_photos` (`deals_id`, `photos_id`, `is_main`) VALUES (72, 154, 0);
INSERT INTO `deal_photos` (`deals_id`, `photos_id`, `is_main`) VALUES (73, 73, 1);
INSERT INTO `deal_photos` (`deals_id`, `photos_id`, `is_main`) VALUES (73, 155, 0);
INSERT INTO `deal_photos` (`deals_id`, `photos_id`, `is_main`) VALUES (74, 74, 1);
INSERT INTO `deal_photos` (`deals_id`, `photos_id`, `is_main`) VALUES (74, 156, 0);
INSERT INTO `deal_photos` (`deals_id`, `photos_id`, `is_main`) VALUES (75, 75, 1);
INSERT INTO `deal_photos` (`deals_id`, `photos_id`, `is_main`) VALUES (75, 157, 0);
INSERT INTO `deal_photos` (`deals_id`, `photos_id`, `is_main`) VALUES (76, 76, 1);
INSERT INTO `deal_photos` (`deals_id`, `photos_id`, `is_main`) VALUES (76, 158, 0);
INSERT INTO `deal_photos` (`deals_id`, `photos_id`, `is_main`) VALUES (77, 77, 1);
INSERT INTO `deal_photos` (`deals_id`, `photos_id`, `is_main`) VALUES (77, 159, 0);
INSERT INTO `deal_photos` (`deals_id`, `photos_id`, `is_main`) VALUES (78, 78, 1);
INSERT INTO `deal_photos` (`deals_id`, `photos_id`, `is_main`) VALUES (78, 160, 0);
INSERT INTO `deal_photos` (`deals_id`, `photos_id`, `is_main`) VALUES (79, 79, 0);
INSERT INTO `deal_photos` (`deals_id`, `photos_id`, `is_main`) VALUES (79, 161, 1);
INSERT INTO `deal_photos` (`deals_id`, `photos_id`, `is_main`) VALUES (80, 80, 1);
INSERT INTO `deal_photos` (`deals_id`, `photos_id`, `is_main`) VALUES (80, 162, 0);
INSERT INTO `deal_photos` (`deals_id`, `photos_id`, `is_main`) VALUES (81, 81, 1);
INSERT INTO `deal_photos` (`deals_id`, `photos_id`, `is_main`) VALUES (81, 163, 0);
INSERT INTO `deal_photos` (`deals_id`, `photos_id`, `is_main`) VALUES (82, 82, 1);
INSERT INTO `deal_photos` (`deals_id`, `photos_id`, `is_main`) VALUES (82, 164, 0);


-- bids
INSERT INTO `bids` (`deal_id`, `user_id`, `bid`, `bidded_at`) VALUES (1, 1, 155, '1988-03-13 03:20:38');
INSERT INTO `bids` (`deal_id`, `user_id`, `bid`, `bidded_at`) VALUES (1, 47, 496, '2005-11-13 02:56:44');
INSERT INTO `bids` (`deal_id`, `user_id`, `bid`, `bidded_at`) VALUES (1, 65, 379, '1993-01-08 15:11:04');
INSERT INTO `bids` (`deal_id`, `user_id`, `bid`, `bidded_at`) VALUES (1, 83, 208, '1989-05-25 21:13:33');
INSERT INTO `bids` (`deal_id`, `user_id`, `bid`, `bidded_at`) VALUES (2, 2, 260, '1994-11-28 09:40:21');
INSERT INTO `bids` (`deal_id`, `user_id`, `bid`, `bidded_at`) VALUES (2, 48, 623, '1999-01-18 09:39:29');
INSERT INTO `bids` (`deal_id`, `user_id`, `bid`, `bidded_at`) VALUES (2, 66, 1330, '2005-09-24 17:51:59');
INSERT INTO `bids` (`deal_id`, `user_id`, `bid`, `bidded_at`) VALUES (2, 84, 1095, '2012-02-22 07:43:36');
INSERT INTO `bids` (`deal_id`, `user_id`, `bid`, `bidded_at`) VALUES (3, 3, 890, '1987-05-01 17:42:11');
INSERT INTO `bids` (`deal_id`, `user_id`, `bid`, `bidded_at`) VALUES (3, 49, 514, '2004-11-11 18:18:21');
INSERT INTO `bids` (`deal_id`, `user_id`, `bid`, `bidded_at`) VALUES (3, 67, 1110, '1982-12-03 14:38:39');
INSERT INTO `bids` (`deal_id`, `user_id`, `bid`, `bidded_at`) VALUES (3, 85, 1030, '1976-05-24 13:18:00');
INSERT INTO `bids` (`deal_id`, `user_id`, `bid`, `bidded_at`) VALUES (4, 4, 1121, '1987-09-28 11:23:15');
INSERT INTO `bids` (`deal_id`, `user_id`, `bid`, `bidded_at`) VALUES (4, 50, 1086, '1970-08-12 01:49:56');
INSERT INTO `bids` (`deal_id`, `user_id`, `bid`, `bidded_at`) VALUES (4, 68, 672, '2003-04-14 04:11:29');
INSERT INTO `bids` (`deal_id`, `user_id`, `bid`, `bidded_at`) VALUES (4, 86, 1056, '1995-04-16 19:26:14');
INSERT INTO `bids` (`deal_id`, `user_id`, `bid`, `bidded_at`) VALUES (5, 5, 482, '2011-12-01 11:11:28');
INSERT INTO `bids` (`deal_id`, `user_id`, `bid`, `bidded_at`) VALUES (5, 51, 1378, '1986-03-15 08:40:17');
INSERT INTO `bids` (`deal_id`, `user_id`, `bid`, `bidded_at`) VALUES (5, 69, 369, '2012-11-26 12:31:35');
INSERT INTO `bids` (`deal_id`, `user_id`, `bid`, `bidded_at`) VALUES (5, 87, 1196, '2017-01-05 23:54:29');
INSERT INTO `bids` (`deal_id`, `user_id`, `bid`, `bidded_at`) VALUES (6, 6, 1242, '2019-05-08 23:42:40');
INSERT INTO `bids` (`deal_id`, `user_id`, `bid`, `bidded_at`) VALUES (6, 52, 485, '1995-05-15 04:47:46');
INSERT INTO `bids` (`deal_id`, `user_id`, `bid`, `bidded_at`) VALUES (6, 70, 1158, '2020-02-20 20:26:39');
INSERT INTO `bids` (`deal_id`, `user_id`, `bid`, `bidded_at`) VALUES (6, 88, 1055, '1995-12-04 14:02:10');
INSERT INTO `bids` (`deal_id`, `user_id`, `bid`, `bidded_at`) VALUES (7, 7, 739, '2010-03-13 00:47:38');
INSERT INTO `bids` (`deal_id`, `user_id`, `bid`, `bidded_at`) VALUES (7, 53, 1013, '1979-07-08 08:48:45');
INSERT INTO `bids` (`deal_id`, `user_id`, `bid`, `bidded_at`) VALUES (7, 71, 116, '2007-01-17 14:02:56');
INSERT INTO `bids` (`deal_id`, `user_id`, `bid`, `bidded_at`) VALUES (7, 89, 314, '1978-04-23 08:56:54');
INSERT INTO `bids` (`deal_id`, `user_id`, `bid`, `bidded_at`) VALUES (8, 8, 207, '2005-03-29 20:29:25');
INSERT INTO `bids` (`deal_id`, `user_id`, `bid`, `bidded_at`) VALUES (8, 54, 1339, '2008-11-29 05:44:04');
INSERT INTO `bids` (`deal_id`, `user_id`, `bid`, `bidded_at`) VALUES (8, 72, 1128, '1986-07-19 22:34:28');
INSERT INTO `bids` (`deal_id`, `user_id`, `bid`, `bidded_at`) VALUES (8, 90, 37, '2006-04-19 21:03:10');
INSERT INTO `bids` (`deal_id`, `user_id`, `bid`, `bidded_at`) VALUES (9, 9, 658, '1978-08-08 13:33:43');
INSERT INTO `bids` (`deal_id`, `user_id`, `bid`, `bidded_at`) VALUES (9, 55, 85, '1987-11-15 03:56:54');
INSERT INTO `bids` (`deal_id`, `user_id`, `bid`, `bidded_at`) VALUES (9, 73, 130, '1990-07-08 03:57:45');
INSERT INTO `bids` (`deal_id`, `user_id`, `bid`, `bidded_at`) VALUES (9, 91, 1133, '1993-07-06 02:58:22');
INSERT INTO `bids` (`deal_id`, `user_id`, `bid`, `bidded_at`) VALUES (10, 10, 1364, '2008-06-25 00:59:33');
INSERT INTO `bids` (`deal_id`, `user_id`, `bid`, `bidded_at`) VALUES (10, 56, 1229, '1977-12-01 20:35:19');
INSERT INTO `bids` (`deal_id`, `user_id`, `bid`, `bidded_at`) VALUES (10, 74, 28, '1993-04-25 12:22:30');
INSERT INTO `bids` (`deal_id`, `user_id`, `bid`, `bidded_at`) VALUES (10, 92, 776, '1972-01-29 21:44:27');
INSERT INTO `bids` (`deal_id`, `user_id`, `bid`, `bidded_at`) VALUES (11, 11, 585, '1989-02-22 02:09:44');
INSERT INTO `bids` (`deal_id`, `user_id`, `bid`, `bidded_at`) VALUES (11, 57, 876, '1982-04-03 07:37:02');
INSERT INTO `bids` (`deal_id`, `user_id`, `bid`, `bidded_at`) VALUES (11, 75, 923, '1987-04-15 19:39:19');
INSERT INTO `bids` (`deal_id`, `user_id`, `bid`, `bidded_at`) VALUES (11, 93, 1331, '1978-08-28 21:07:47');
INSERT INTO `bids` (`deal_id`, `user_id`, `bid`, `bidded_at`) VALUES (12, 12, 1198, '2019-04-18 15:31:18');
INSERT INTO `bids` (`deal_id`, `user_id`, `bid`, `bidded_at`) VALUES (12, 58, 595, '1985-07-24 23:15:28');
INSERT INTO `bids` (`deal_id`, `user_id`, `bid`, `bidded_at`) VALUES (12, 76, 164, '1990-10-22 08:17:05');
INSERT INTO `bids` (`deal_id`, `user_id`, `bid`, `bidded_at`) VALUES (12, 94, 369, '2020-06-21 00:39:21');
INSERT INTO `bids` (`deal_id`, `user_id`, `bid`, `bidded_at`) VALUES (13, 13, 1368, '2020-01-22 02:35:48');
INSERT INTO `bids` (`deal_id`, `user_id`, `bid`, `bidded_at`) VALUES (13, 59, 1085, '1999-10-29 23:20:07');
INSERT INTO `bids` (`deal_id`, `user_id`, `bid`, `bidded_at`) VALUES (13, 77, 1153, '1986-05-19 15:01:36');
INSERT INTO `bids` (`deal_id`, `user_id`, `bid`, `bidded_at`) VALUES (13, 95, 969, '1989-10-21 03:04:42');
INSERT INTO `bids` (`deal_id`, `user_id`, `bid`, `bidded_at`) VALUES (14, 14, 355, '2010-01-28 17:20:41');
INSERT INTO `bids` (`deal_id`, `user_id`, `bid`, `bidded_at`) VALUES (14, 60, 236, '1985-04-28 00:27:43');
INSERT INTO `bids` (`deal_id`, `user_id`, `bid`, `bidded_at`) VALUES (14, 78, 232, '2014-12-20 16:58:07');
INSERT INTO `bids` (`deal_id`, `user_id`, `bid`, `bidded_at`) VALUES (14, 96, 548, '2002-08-08 03:50:13');
INSERT INTO `bids` (`deal_id`, `user_id`, `bid`, `bidded_at`) VALUES (15, 15, 294, '2018-03-03 08:18:12');
INSERT INTO `bids` (`deal_id`, `user_id`, `bid`, `bidded_at`) VALUES (15, 61, 453, '2003-02-07 20:38:17');
INSERT INTO `bids` (`deal_id`, `user_id`, `bid`, `bidded_at`) VALUES (15, 79, 1303, '1987-02-09 14:09:43');
INSERT INTO `bids` (`deal_id`, `user_id`, `bid`, `bidded_at`) VALUES (15, 97, 1307, '1980-07-02 22:38:33');
INSERT INTO `bids` (`deal_id`, `user_id`, `bid`, `bidded_at`) VALUES (16, 16, 764, '1992-01-20 06:46:01');
INSERT INTO `bids` (`deal_id`, `user_id`, `bid`, `bidded_at`) VALUES (16, 62, 201, '1990-04-16 21:35:42');
INSERT INTO `bids` (`deal_id`, `user_id`, `bid`, `bidded_at`) VALUES (16, 80, 509, '2003-09-15 09:21:10');
INSERT INTO `bids` (`deal_id`, `user_id`, `bid`, `bidded_at`) VALUES (16, 98, 331, '2010-12-19 19:28:11');
INSERT INTO `bids` (`deal_id`, `user_id`, `bid`, `bidded_at`) VALUES (17, 17, 1124, '2001-12-24 10:50:14');
INSERT INTO `bids` (`deal_id`, `user_id`, `bid`, `bidded_at`) VALUES (17, 63, 908, '2019-10-04 19:55:46');
INSERT INTO `bids` (`deal_id`, `user_id`, `bid`, `bidded_at`) VALUES (17, 81, 717, '1976-07-07 02:44:06');
INSERT INTO `bids` (`deal_id`, `user_id`, `bid`, `bidded_at`) VALUES (17, 99, 449, '2013-03-08 23:23:23');
INSERT INTO `bids` (`deal_id`, `user_id`, `bid`, `bidded_at`) VALUES (18, 18, 311, '2020-03-08 00:08:03');
INSERT INTO `bids` (`deal_id`, `user_id`, `bid`, `bidded_at`) VALUES (18, 64, 1290, '2006-04-05 12:14:04');
INSERT INTO `bids` (`deal_id`, `user_id`, `bid`, `bidded_at`) VALUES (18, 82, 537, '1975-05-03 11:21:01');
INSERT INTO `bids` (`deal_id`, `user_id`, `bid`, `bidded_at`) VALUES (18, 100, 1224, '2015-11-11 11:27:12');
INSERT INTO `bids` (`deal_id`, `user_id`, `bid`, `bidded_at`) VALUES (19, 1, 697, '2016-01-14 07:35:30');
INSERT INTO `bids` (`deal_id`, `user_id`, `bid`, `bidded_at`) VALUES (19, 19, 1117, '2015-08-19 12:46:18');
INSERT INTO `bids` (`deal_id`, `user_id`, `bid`, `bidded_at`) VALUES (19, 65, 973, '2009-04-24 11:37:30');
INSERT INTO `bids` (`deal_id`, `user_id`, `bid`, `bidded_at`) VALUES (19, 83, 836, '1980-02-01 13:57:13');
INSERT INTO `bids` (`deal_id`, `user_id`, `bid`, `bidded_at`) VALUES (20, 2, 645, '1972-04-07 03:38:29');
INSERT INTO `bids` (`deal_id`, `user_id`, `bid`, `bidded_at`) VALUES (20, 20, 279, '1993-10-31 12:42:47');
INSERT INTO `bids` (`deal_id`, `user_id`, `bid`, `bidded_at`) VALUES (20, 66, 793, '2010-10-14 21:23:51');
INSERT INTO `bids` (`deal_id`, `user_id`, `bid`, `bidded_at`) VALUES (20, 84, 107, '1983-08-21 14:34:14');
INSERT INTO `bids` (`deal_id`, `user_id`, `bid`, `bidded_at`) VALUES (21, 3, 1055, '2000-11-25 08:59:35');
INSERT INTO `bids` (`deal_id`, `user_id`, `bid`, `bidded_at`) VALUES (21, 21, 736, '1974-05-11 02:43:12');
INSERT INTO `bids` (`deal_id`, `user_id`, `bid`, `bidded_at`) VALUES (21, 67, 310, '1994-10-11 00:03:59');
INSERT INTO `bids` (`deal_id`, `user_id`, `bid`, `bidded_at`) VALUES (21, 85, 738, '1996-07-31 05:52:28');
INSERT INTO `bids` (`deal_id`, `user_id`, `bid`, `bidded_at`) VALUES (22, 4, 1132, '1989-09-06 16:07:44');
INSERT INTO `bids` (`deal_id`, `user_id`, `bid`, `bidded_at`) VALUES (22, 22, 958, '1980-09-14 22:59:59');
INSERT INTO `bids` (`deal_id`, `user_id`, `bid`, `bidded_at`) VALUES (22, 68, 388, '1986-11-25 08:27:24');
INSERT INTO `bids` (`deal_id`, `user_id`, `bid`, `bidded_at`) VALUES (22, 86, 728, '2018-03-07 16:09:40');
INSERT INTO `bids` (`deal_id`, `user_id`, `bid`, `bidded_at`) VALUES (23, 5, 1186, '1971-10-11 05:25:48');
INSERT INTO `bids` (`deal_id`, `user_id`, `bid`, `bidded_at`) VALUES (23, 23, 1354, '1983-07-30 13:03:11');
INSERT INTO `bids` (`deal_id`, `user_id`, `bid`, `bidded_at`) VALUES (23, 69, 1215, '2001-10-14 18:43:08');
INSERT INTO `bids` (`deal_id`, `user_id`, `bid`, `bidded_at`) VALUES (23, 87, 831, '1994-09-06 03:46:54');
INSERT INTO `bids` (`deal_id`, `user_id`, `bid`, `bidded_at`) VALUES (24, 6, 455, '1994-03-01 16:47:39');
INSERT INTO `bids` (`deal_id`, `user_id`, `bid`, `bidded_at`) VALUES (24, 24, 1053, '2011-04-03 02:20:16');
INSERT INTO `bids` (`deal_id`, `user_id`, `bid`, `bidded_at`) VALUES (24, 70, 267, '1971-01-19 16:11:24');
INSERT INTO `bids` (`deal_id`, `user_id`, `bid`, `bidded_at`) VALUES (24, 88, 606, '2015-10-12 08:00:28');
INSERT INTO `bids` (`deal_id`, `user_id`, `bid`, `bidded_at`) VALUES (25, 7, 1040, '1978-06-08 07:20:32');
INSERT INTO `bids` (`deal_id`, `user_id`, `bid`, `bidded_at`) VALUES (25, 25, 231, '1979-10-19 01:46:29');
INSERT INTO `bids` (`deal_id`, `user_id`, `bid`, `bidded_at`) VALUES (25, 71, 529, '1980-12-23 09:42:49');
INSERT INTO `bids` (`deal_id`, `user_id`, `bid`, `bidded_at`) VALUES (25, 89, 821, '2018-06-26 14:58:00');
INSERT INTO `bids` (`deal_id`, `user_id`, `bid`, `bidded_at`) VALUES (26, 8, 585, '2016-02-15 23:45:00');
INSERT INTO `bids` (`deal_id`, `user_id`, `bid`, `bidded_at`) VALUES (26, 26, 1037, '2000-04-08 22:15:49');
INSERT INTO `bids` (`deal_id`, `user_id`, `bid`, `bidded_at`) VALUES (26, 72, 1384, '1990-01-03 20:28:02');
INSERT INTO `bids` (`deal_id`, `user_id`, `bid`, `bidded_at`) VALUES (26, 90, 535, '1997-07-29 20:52:24');
INSERT INTO `bids` (`deal_id`, `user_id`, `bid`, `bidded_at`) VALUES (27, 9, 354, '1986-09-13 19:26:03');
INSERT INTO `bids` (`deal_id`, `user_id`, `bid`, `bidded_at`) VALUES (27, 27, 175, '1979-01-23 07:42:55');
INSERT INTO `bids` (`deal_id`, `user_id`, `bid`, `bidded_at`) VALUES (27, 73, 242, '2009-06-09 21:16:02');
INSERT INTO `bids` (`deal_id`, `user_id`, `bid`, `bidded_at`) VALUES (27, 91, 951, '1991-05-25 10:29:37');
INSERT INTO `bids` (`deal_id`, `user_id`, `bid`, `bidded_at`) VALUES (28, 10, 904, '1982-04-28 10:05:07');
INSERT INTO `bids` (`deal_id`, `user_id`, `bid`, `bidded_at`) VALUES (28, 28, 358, '1980-04-26 18:59:34');
INSERT INTO `bids` (`deal_id`, `user_id`, `bid`, `bidded_at`) VALUES (28, 74, 471, '1990-02-27 11:38:33');
INSERT INTO `bids` (`deal_id`, `user_id`, `bid`, `bidded_at`) VALUES (28, 92, 1243, '2011-11-11 22:24:17');
INSERT INTO `bids` (`deal_id`, `user_id`, `bid`, `bidded_at`) VALUES (29, 11, 1269, '1978-03-08 03:52:57');
INSERT INTO `bids` (`deal_id`, `user_id`, `bid`, `bidded_at`) VALUES (29, 29, 1087, '1983-10-26 09:40:09');
INSERT INTO `bids` (`deal_id`, `user_id`, `bid`, `bidded_at`) VALUES (29, 75, 878, '1993-10-27 12:15:32');
INSERT INTO `bids` (`deal_id`, `user_id`, `bid`, `bidded_at`) VALUES (29, 93, 34, '1989-05-12 00:31:22');
INSERT INTO `bids` (`deal_id`, `user_id`, `bid`, `bidded_at`) VALUES (30, 12, 161, '1980-02-01 03:36:06');
INSERT INTO `bids` (`deal_id`, `user_id`, `bid`, `bidded_at`) VALUES (30, 30, 247, '1988-03-31 08:06:39');
INSERT INTO `bids` (`deal_id`, `user_id`, `bid`, `bidded_at`) VALUES (30, 76, 897, '1987-09-24 21:16:26');
INSERT INTO `bids` (`deal_id`, `user_id`, `bid`, `bidded_at`) VALUES (30, 94, 183, '1971-04-26 14:56:03');
INSERT INTO `bids` (`deal_id`, `user_id`, `bid`, `bidded_at`) VALUES (31, 13, 370, '2016-07-04 13:35:42');
INSERT INTO `bids` (`deal_id`, `user_id`, `bid`, `bidded_at`) VALUES (31, 31, 486, '2011-01-31 04:34:47');
INSERT INTO `bids` (`deal_id`, `user_id`, `bid`, `bidded_at`) VALUES (31, 77, 198, '2010-01-31 01:57:12');
INSERT INTO `bids` (`deal_id`, `user_id`, `bid`, `bidded_at`) VALUES (31, 95, 1316, '1972-08-31 00:29:04');
INSERT INTO `bids` (`deal_id`, `user_id`, `bid`, `bidded_at`) VALUES (32, 14, 65, '1973-06-19 20:30:35');
INSERT INTO `bids` (`deal_id`, `user_id`, `bid`, `bidded_at`) VALUES (32, 32, 464, '2018-03-15 20:04:05');
INSERT INTO `bids` (`deal_id`, `user_id`, `bid`, `bidded_at`) VALUES (32, 78, 1002, '1985-11-21 23:45:01');
INSERT INTO `bids` (`deal_id`, `user_id`, `bid`, `bidded_at`) VALUES (32, 96, 603, '1989-06-27 09:36:15');
INSERT INTO `bids` (`deal_id`, `user_id`, `bid`, `bidded_at`) VALUES (33, 15, 865, '2013-08-12 17:20:30');
INSERT INTO `bids` (`deal_id`, `user_id`, `bid`, `bidded_at`) VALUES (33, 33, 1074, '2007-11-22 20:56:00');
INSERT INTO `bids` (`deal_id`, `user_id`, `bid`, `bidded_at`) VALUES (33, 79, 816, '1974-09-08 21:16:43');
INSERT INTO `bids` (`deal_id`, `user_id`, `bid`, `bidded_at`) VALUES (33, 97, 1075, '1993-08-13 01:50:53');
INSERT INTO `bids` (`deal_id`, `user_id`, `bid`, `bidded_at`) VALUES (34, 16, 444, '1971-01-20 13:22:11');
INSERT INTO `bids` (`deal_id`, `user_id`, `bid`, `bidded_at`) VALUES (34, 34, 1340, '1997-12-10 04:20:05');
INSERT INTO `bids` (`deal_id`, `user_id`, `bid`, `bidded_at`) VALUES (34, 80, 624, '1978-08-01 03:54:13');
INSERT INTO `bids` (`deal_id`, `user_id`, `bid`, `bidded_at`) VALUES (34, 98, 1022, '2013-06-02 01:35:54');
INSERT INTO `bids` (`deal_id`, `user_id`, `bid`, `bidded_at`) VALUES (35, 17, 1374, '2011-11-20 04:57:35');
INSERT INTO `bids` (`deal_id`, `user_id`, `bid`, `bidded_at`) VALUES (35, 35, 721, '2005-04-25 13:33:07');
INSERT INTO `bids` (`deal_id`, `user_id`, `bid`, `bidded_at`) VALUES (35, 81, 622, '1992-03-01 04:11:16');
INSERT INTO `bids` (`deal_id`, `user_id`, `bid`, `bidded_at`) VALUES (35, 99, 1204, '2017-10-13 13:30:48');
INSERT INTO `bids` (`deal_id`, `user_id`, `bid`, `bidded_at`) VALUES (36, 18, 1070, '2014-04-16 09:29:42');
INSERT INTO `bids` (`deal_id`, `user_id`, `bid`, `bidded_at`) VALUES (36, 36, 173, '1989-02-27 00:47:22');
INSERT INTO `bids` (`deal_id`, `user_id`, `bid`, `bidded_at`) VALUES (36, 82, 1056, '1975-08-23 03:42:52');
INSERT INTO `bids` (`deal_id`, `user_id`, `bid`, `bidded_at`) VALUES (36, 100, 972, '1994-04-22 10:40:56');
INSERT INTO `bids` (`deal_id`, `user_id`, `bid`, `bidded_at`) VALUES (37, 1, 550, '2013-04-10 23:43:42');
INSERT INTO `bids` (`deal_id`, `user_id`, `bid`, `bidded_at`) VALUES (37, 19, 915, '1991-09-09 21:06:26');
INSERT INTO `bids` (`deal_id`, `user_id`, `bid`, `bidded_at`) VALUES (37, 37, 211, '1998-04-10 19:11:14');
INSERT INTO `bids` (`deal_id`, `user_id`, `bid`, `bidded_at`) VALUES (37, 83, 1198, '2003-07-30 10:12:30');
INSERT INTO `bids` (`deal_id`, `user_id`, `bid`, `bidded_at`) VALUES (38, 2, 450, '2017-03-20 04:59:39');
INSERT INTO `bids` (`deal_id`, `user_id`, `bid`, `bidded_at`) VALUES (38, 20, 426, '2015-08-31 03:19:10');
INSERT INTO `bids` (`deal_id`, `user_id`, `bid`, `bidded_at`) VALUES (38, 38, 1364, '2018-10-03 12:44:34');
INSERT INTO `bids` (`deal_id`, `user_id`, `bid`, `bidded_at`) VALUES (38, 84, 594, '1976-03-29 19:55:55');
INSERT INTO `bids` (`deal_id`, `user_id`, `bid`, `bidded_at`) VALUES (39, 3, 689, '1988-12-06 07:02:24');
INSERT INTO `bids` (`deal_id`, `user_id`, `bid`, `bidded_at`) VALUES (39, 21, 1052, '1989-02-16 19:54:47');
INSERT INTO `bids` (`deal_id`, `user_id`, `bid`, `bidded_at`) VALUES (39, 39, 68, '1979-02-22 12:30:08');
INSERT INTO `bids` (`deal_id`, `user_id`, `bid`, `bidded_at`) VALUES (39, 85, 728, '1972-04-20 01:48:48');
INSERT INTO `bids` (`deal_id`, `user_id`, `bid`, `bidded_at`) VALUES (40, 4, 187, '1992-10-11 05:31:44');
INSERT INTO `bids` (`deal_id`, `user_id`, `bid`, `bidded_at`) VALUES (40, 22, 1394, '1978-12-18 12:04:26');
INSERT INTO `bids` (`deal_id`, `user_id`, `bid`, `bidded_at`) VALUES (40, 40, 339, '2018-03-09 08:18:50');
INSERT INTO `bids` (`deal_id`, `user_id`, `bid`, `bidded_at`) VALUES (40, 86, 121, '2006-04-16 19:16:16');
INSERT INTO `bids` (`deal_id`, `user_id`, `bid`, `bidded_at`) VALUES (41, 5, 457, '1996-03-03 21:16:59');
INSERT INTO `bids` (`deal_id`, `user_id`, `bid`, `bidded_at`) VALUES (41, 23, 567, '1984-02-17 15:43:15');
INSERT INTO `bids` (`deal_id`, `user_id`, `bid`, `bidded_at`) VALUES (41, 41, 1301, '2017-11-16 08:33:24');
INSERT INTO `bids` (`deal_id`, `user_id`, `bid`, `bidded_at`) VALUES (41, 87, 605, '1984-10-10 08:46:41');
INSERT INTO `bids` (`deal_id`, `user_id`, `bid`, `bidded_at`) VALUES (42, 6, 803, '1989-01-27 09:37:03');
INSERT INTO `bids` (`deal_id`, `user_id`, `bid`, `bidded_at`) VALUES (42, 24, 507, '1985-07-06 11:57:39');
INSERT INTO `bids` (`deal_id`, `user_id`, `bid`, `bidded_at`) VALUES (42, 42, 184, '1996-06-07 05:06:47');
INSERT INTO `bids` (`deal_id`, `user_id`, `bid`, `bidded_at`) VALUES (42, 88, 1120, '2007-09-26 08:33:22');
INSERT INTO `bids` (`deal_id`, `user_id`, `bid`, `bidded_at`) VALUES (43, 7, 248, '1973-12-13 18:17:25');
INSERT INTO `bids` (`deal_id`, `user_id`, `bid`, `bidded_at`) VALUES (43, 25, 589, '2006-05-05 01:29:12');
INSERT INTO `bids` (`deal_id`, `user_id`, `bid`, `bidded_at`) VALUES (43, 43, 193, '1984-06-24 17:45:19');
INSERT INTO `bids` (`deal_id`, `user_id`, `bid`, `bidded_at`) VALUES (43, 89, 1164, '2014-11-09 22:54:57');
INSERT INTO `bids` (`deal_id`, `user_id`, `bid`, `bidded_at`) VALUES (44, 8, 545, '2008-02-17 01:39:40');
INSERT INTO `bids` (`deal_id`, `user_id`, `bid`, `bidded_at`) VALUES (44, 26, 1155, '2017-01-21 02:31:04');
INSERT INTO `bids` (`deal_id`, `user_id`, `bid`, `bidded_at`) VALUES (44, 44, 917, '1987-07-26 20:32:17');
INSERT INTO `bids` (`deal_id`, `user_id`, `bid`, `bidded_at`) VALUES (44, 90, 1072, '2014-05-10 05:50:17');
INSERT INTO `bids` (`deal_id`, `user_id`, `bid`, `bidded_at`) VALUES (45, 9, 49, '1974-10-21 01:32:17');
INSERT INTO `bids` (`deal_id`, `user_id`, `bid`, `bidded_at`) VALUES (45, 27, 455, '1973-12-05 11:43:57');
INSERT INTO `bids` (`deal_id`, `user_id`, `bid`, `bidded_at`) VALUES (45, 45, 653, '1996-10-31 21:46:22');
INSERT INTO `bids` (`deal_id`, `user_id`, `bid`, `bidded_at`) VALUES (45, 91, 997, '2016-09-10 14:40:26');
INSERT INTO `bids` (`deal_id`, `user_id`, `bid`, `bidded_at`) VALUES (46, 10, 1263, '1985-07-08 14:46:40');
INSERT INTO `bids` (`deal_id`, `user_id`, `bid`, `bidded_at`) VALUES (46, 28, 393, '2007-12-19 18:10:20');
INSERT INTO `bids` (`deal_id`, `user_id`, `bid`, `bidded_at`) VALUES (46, 46, 601, '1978-01-09 19:30:42');
INSERT INTO `bids` (`deal_id`, `user_id`, `bid`, `bidded_at`) VALUES (46, 92, 585, '1998-11-17 03:31:15');
INSERT INTO `bids` (`deal_id`, `user_id`, `bid`, `bidded_at`) VALUES (47, 11, 1056, '2002-06-23 22:06:17');
INSERT INTO `bids` (`deal_id`, `user_id`, `bid`, `bidded_at`) VALUES (47, 29, 818, '1999-05-24 09:45:51');
INSERT INTO `bids` (`deal_id`, `user_id`, `bid`, `bidded_at`) VALUES (47, 47, 773, '1994-01-04 20:54:58');
INSERT INTO `bids` (`deal_id`, `user_id`, `bid`, `bidded_at`) VALUES (47, 93, 861, '1994-04-27 12:08:59');
INSERT INTO `bids` (`deal_id`, `user_id`, `bid`, `bidded_at`) VALUES (48, 12, 576, '1994-03-20 04:52:21');
INSERT INTO `bids` (`deal_id`, `user_id`, `bid`, `bidded_at`) VALUES (48, 30, 962, '2019-05-24 04:38:58');
INSERT INTO `bids` (`deal_id`, `user_id`, `bid`, `bidded_at`) VALUES (48, 48, 946, '1981-08-24 03:38:18');
INSERT INTO `bids` (`deal_id`, `user_id`, `bid`, `bidded_at`) VALUES (48, 94, 1040, '1989-06-22 16:31:08');
INSERT INTO `bids` (`deal_id`, `user_id`, `bid`, `bidded_at`) VALUES (49, 13, 134, '2007-08-29 12:01:16');
INSERT INTO `bids` (`deal_id`, `user_id`, `bid`, `bidded_at`) VALUES (49, 31, 445, '1989-03-19 00:14:37');
INSERT INTO `bids` (`deal_id`, `user_id`, `bid`, `bidded_at`) VALUES (49, 49, 506, '2011-12-07 02:05:50');
INSERT INTO `bids` (`deal_id`, `user_id`, `bid`, `bidded_at`) VALUES (49, 95, 1329, '1998-04-18 03:53:22');
INSERT INTO `bids` (`deal_id`, `user_id`, `bid`, `bidded_at`) VALUES (50, 14, 705, '1976-04-13 17:01:18');
INSERT INTO `bids` (`deal_id`, `user_id`, `bid`, `bidded_at`) VALUES (50, 32, 1240, '2009-08-02 18:56:26');
INSERT INTO `bids` (`deal_id`, `user_id`, `bid`, `bidded_at`) VALUES (50, 50, 1168, '1992-04-23 14:46:51');
INSERT INTO `bids` (`deal_id`, `user_id`, `bid`, `bidded_at`) VALUES (50, 96, 907, '2019-06-06 19:28:34');
INSERT INTO `bids` (`deal_id`, `user_id`, `bid`, `bidded_at`) VALUES (51, 15, 390, '2002-03-21 01:54:55');
INSERT INTO `bids` (`deal_id`, `user_id`, `bid`, `bidded_at`) VALUES (51, 33, 361, '1992-10-29 08:09:01');
INSERT INTO `bids` (`deal_id`, `user_id`, `bid`, `bidded_at`) VALUES (51, 51, 609, '2015-04-06 21:06:28');
INSERT INTO `bids` (`deal_id`, `user_id`, `bid`, `bidded_at`) VALUES (51, 97, 1276, '1971-01-23 01:56:33');
INSERT INTO `bids` (`deal_id`, `user_id`, `bid`, `bidded_at`) VALUES (52, 16, 431, '1992-09-26 14:22:33');
INSERT INTO `bids` (`deal_id`, `user_id`, `bid`, `bidded_at`) VALUES (52, 34, 708, '2002-05-25 11:06:48');
INSERT INTO `bids` (`deal_id`, `user_id`, `bid`, `bidded_at`) VALUES (52, 52, 1008, '1976-11-06 04:05:42');
INSERT INTO `bids` (`deal_id`, `user_id`, `bid`, `bidded_at`) VALUES (52, 98, 1328, '2006-01-29 22:40:54');
INSERT INTO `bids` (`deal_id`, `user_id`, `bid`, `bidded_at`) VALUES (53, 17, 116, '1971-05-01 10:08:09');
INSERT INTO `bids` (`deal_id`, `user_id`, `bid`, `bidded_at`) VALUES (53, 35, 755, '2002-01-22 00:22:05');
INSERT INTO `bids` (`deal_id`, `user_id`, `bid`, `bidded_at`) VALUES (53, 53, 961, '1976-03-13 15:24:43');
INSERT INTO `bids` (`deal_id`, `user_id`, `bid`, `bidded_at`) VALUES (53, 99, 211, '2005-08-23 10:37:29');
INSERT INTO `bids` (`deal_id`, `user_id`, `bid`, `bidded_at`) VALUES (54, 18, 1099, '2011-03-10 20:58:34');
INSERT INTO `bids` (`deal_id`, `user_id`, `bid`, `bidded_at`) VALUES (54, 36, 1324, '1981-10-23 14:14:58');
INSERT INTO `bids` (`deal_id`, `user_id`, `bid`, `bidded_at`) VALUES (54, 54, 508, '2017-02-28 22:29:45');
INSERT INTO `bids` (`deal_id`, `user_id`, `bid`, `bidded_at`) VALUES (54, 100, 38, '2013-02-07 19:14:53');
INSERT INTO `bids` (`deal_id`, `user_id`, `bid`, `bidded_at`) VALUES (55, 19, 1023, '1988-09-28 02:35:51');
INSERT INTO `bids` (`deal_id`, `user_id`, `bid`, `bidded_at`) VALUES (55, 37, 357, '1973-02-17 08:13:14');
INSERT INTO `bids` (`deal_id`, `user_id`, `bid`, `bidded_at`) VALUES (55, 55, 175, '1989-11-19 21:57:24');
INSERT INTO `bids` (`deal_id`, `user_id`, `bid`, `bidded_at`) VALUES (56, 20, 694, '2017-11-08 02:32:57');
INSERT INTO `bids` (`deal_id`, `user_id`, `bid`, `bidded_at`) VALUES (56, 38, 605, '1977-05-29 12:00:24');
INSERT INTO `bids` (`deal_id`, `user_id`, `bid`, `bidded_at`) VALUES (56, 56, 1390, '1973-09-01 10:04:31');
INSERT INTO `bids` (`deal_id`, `user_id`, `bid`, `bidded_at`) VALUES (57, 21, 992, '2000-06-07 11:30:04');
INSERT INTO `bids` (`deal_id`, `user_id`, `bid`, `bidded_at`) VALUES (57, 39, 1277, '1980-10-06 17:01:37');
INSERT INTO `bids` (`deal_id`, `user_id`, `bid`, `bidded_at`) VALUES (57, 57, 1303, '2011-12-21 13:33:16');
INSERT INTO `bids` (`deal_id`, `user_id`, `bid`, `bidded_at`) VALUES (58, 22, 164, '2002-12-20 16:51:11');
INSERT INTO `bids` (`deal_id`, `user_id`, `bid`, `bidded_at`) VALUES (58, 40, 474, '1971-05-21 03:11:20');
INSERT INTO `bids` (`deal_id`, `user_id`, `bid`, `bidded_at`) VALUES (58, 58, 939, '2019-08-12 16:33:45');
INSERT INTO `bids` (`deal_id`, `user_id`, `bid`, `bidded_at`) VALUES (59, 23, 159, '1996-09-22 23:44:23');
INSERT INTO `bids` (`deal_id`, `user_id`, `bid`, `bidded_at`) VALUES (59, 41, 1031, '2011-06-30 10:16:21');
INSERT INTO `bids` (`deal_id`, `user_id`, `bid`, `bidded_at`) VALUES (59, 59, 1204, '1998-08-02 19:27:14');
INSERT INTO `bids` (`deal_id`, `user_id`, `bid`, `bidded_at`) VALUES (60, 24, 1103, '2002-08-19 10:51:18');
INSERT INTO `bids` (`deal_id`, `user_id`, `bid`, `bidded_at`) VALUES (60, 42, 887, '1999-02-05 03:48:52');
INSERT INTO `bids` (`deal_id`, `user_id`, `bid`, `bidded_at`) VALUES (60, 60, 880, '2020-01-12 11:55:07');
INSERT INTO `bids` (`deal_id`, `user_id`, `bid`, `bidded_at`) VALUES (61, 25, 41, '2007-06-10 09:12:29');
INSERT INTO `bids` (`deal_id`, `user_id`, `bid`, `bidded_at`) VALUES (61, 43, 295, '1983-03-26 02:45:02');
INSERT INTO `bids` (`deal_id`, `user_id`, `bid`, `bidded_at`) VALUES (61, 61, 1091, '2001-09-30 15:26:52');
INSERT INTO `bids` (`deal_id`, `user_id`, `bid`, `bidded_at`) VALUES (62, 26, 876, '1988-03-11 05:22:34');
INSERT INTO `bids` (`deal_id`, `user_id`, `bid`, `bidded_at`) VALUES (62, 44, 163, '2007-09-21 21:46:28');
INSERT INTO `bids` (`deal_id`, `user_id`, `bid`, `bidded_at`) VALUES (62, 62, 280, '2019-08-18 18:04:24');
INSERT INTO `bids` (`deal_id`, `user_id`, `bid`, `bidded_at`) VALUES (63, 27, 161, '2011-06-24 17:11:19');
INSERT INTO `bids` (`deal_id`, `user_id`, `bid`, `bidded_at`) VALUES (63, 45, 387, '1972-09-30 12:36:46');
INSERT INTO `bids` (`deal_id`, `user_id`, `bid`, `bidded_at`) VALUES (63, 63, 452, '1992-09-27 07:30:55');
INSERT INTO `bids` (`deal_id`, `user_id`, `bid`, `bidded_at`) VALUES (64, 28, 949, '1976-09-21 00:51:07');
INSERT INTO `bids` (`deal_id`, `user_id`, `bid`, `bidded_at`) VALUES (64, 46, 865, '1985-09-18 08:41:26');
INSERT INTO `bids` (`deal_id`, `user_id`, `bid`, `bidded_at`) VALUES (64, 64, 745, '2016-11-23 21:35:19');
INSERT INTO `bids` (`deal_id`, `user_id`, `bid`, `bidded_at`) VALUES (65, 29, 888, '1996-04-28 17:35:21');
INSERT INTO `bids` (`deal_id`, `user_id`, `bid`, `bidded_at`) VALUES (65, 47, 680, '1974-12-29 08:33:50');
INSERT INTO `bids` (`deal_id`, `user_id`, `bid`, `bidded_at`) VALUES (65, 65, 1348, '1992-07-10 12:16:44');
INSERT INTO `bids` (`deal_id`, `user_id`, `bid`, `bidded_at`) VALUES (66, 30, 581, '1992-04-23 21:01:04');
INSERT INTO `bids` (`deal_id`, `user_id`, `bid`, `bidded_at`) VALUES (66, 48, 1252, '2013-07-31 21:11:12');
INSERT INTO `bids` (`deal_id`, `user_id`, `bid`, `bidded_at`) VALUES (66, 66, 642, '1996-09-07 12:38:07');
INSERT INTO `bids` (`deal_id`, `user_id`, `bid`, `bidded_at`) VALUES (67, 31, 844, '1977-03-07 10:37:44');
INSERT INTO `bids` (`deal_id`, `user_id`, `bid`, `bidded_at`) VALUES (67, 49, 500, '1998-05-24 10:32:03');
INSERT INTO `bids` (`deal_id`, `user_id`, `bid`, `bidded_at`) VALUES (67, 67, 1071, '1978-05-28 18:32:58');
INSERT INTO `bids` (`deal_id`, `user_id`, `bid`, `bidded_at`) VALUES (68, 32, 545, '1979-12-30 12:02:02');
INSERT INTO `bids` (`deal_id`, `user_id`, `bid`, `bidded_at`) VALUES (68, 50, 273, '2019-10-08 12:11:47');
INSERT INTO `bids` (`deal_id`, `user_id`, `bid`, `bidded_at`) VALUES (68, 68, 251, '1982-06-10 02:41:27');
INSERT INTO `bids` (`deal_id`, `user_id`, `bid`, `bidded_at`) VALUES (69, 33, 503, '2019-01-18 02:30:24');
INSERT INTO `bids` (`deal_id`, `user_id`, `bid`, `bidded_at`) VALUES (69, 51, 1126, '1995-09-11 00:20:19');
INSERT INTO `bids` (`deal_id`, `user_id`, `bid`, `bidded_at`) VALUES (69, 69, 324, '2008-12-18 11:16:00');
INSERT INTO `bids` (`deal_id`, `user_id`, `bid`, `bidded_at`) VALUES (70, 34, 103, '1984-09-30 07:52:39');
INSERT INTO `bids` (`deal_id`, `user_id`, `bid`, `bidded_at`) VALUES (70, 52, 360, '2002-07-24 05:38:51');
INSERT INTO `bids` (`deal_id`, `user_id`, `bid`, `bidded_at`) VALUES (70, 70, 1338, '2004-01-02 15:19:56');
INSERT INTO `bids` (`deal_id`, `user_id`, `bid`, `bidded_at`) VALUES (71, 35, 1054, '1987-12-14 20:02:56');
INSERT INTO `bids` (`deal_id`, `user_id`, `bid`, `bidded_at`) VALUES (71, 53, 859, '2007-06-26 19:22:15');
INSERT INTO `bids` (`deal_id`, `user_id`, `bid`, `bidded_at`) VALUES (71, 71, 1176, '2020-03-14 23:29:28');
INSERT INTO `bids` (`deal_id`, `user_id`, `bid`, `bidded_at`) VALUES (72, 36, 214, '1988-10-30 07:34:25');
INSERT INTO `bids` (`deal_id`, `user_id`, `bid`, `bidded_at`) VALUES (72, 54, 1041, '2019-12-08 20:34:05');
INSERT INTO `bids` (`deal_id`, `user_id`, `bid`, `bidded_at`) VALUES (72, 72, 536, '1996-10-01 00:44:58');
INSERT INTO `bids` (`deal_id`, `user_id`, `bid`, `bidded_at`) VALUES (73, 37, 841, '2013-07-13 12:23:01');
INSERT INTO `bids` (`deal_id`, `user_id`, `bid`, `bidded_at`) VALUES (73, 55, 1322, '2015-08-02 01:24:52');
INSERT INTO `bids` (`deal_id`, `user_id`, `bid`, `bidded_at`) VALUES (73, 73, 362, '2006-05-31 06:26:00');
INSERT INTO `bids` (`deal_id`, `user_id`, `bid`, `bidded_at`) VALUES (74, 38, 113, '1985-10-03 09:18:28');
INSERT INTO `bids` (`deal_id`, `user_id`, `bid`, `bidded_at`) VALUES (74, 56, 387, '1980-12-19 21:55:51');
INSERT INTO `bids` (`deal_id`, `user_id`, `bid`, `bidded_at`) VALUES (74, 74, 755, '1995-08-11 10:16:13');
INSERT INTO `bids` (`deal_id`, `user_id`, `bid`, `bidded_at`) VALUES (75, 39, 485, '2012-11-04 23:57:47');
INSERT INTO `bids` (`deal_id`, `user_id`, `bid`, `bidded_at`) VALUES (75, 57, 799, '2013-09-09 04:24:35');
INSERT INTO `bids` (`deal_id`, `user_id`, `bid`, `bidded_at`) VALUES (75, 75, 270, '1989-11-10 16:33:11');
INSERT INTO `bids` (`deal_id`, `user_id`, `bid`, `bidded_at`) VALUES (76, 40, 75, '2000-02-07 22:09:49');
INSERT INTO `bids` (`deal_id`, `user_id`, `bid`, `bidded_at`) VALUES (76, 58, 38, '1986-02-14 19:21:41');
INSERT INTO `bids` (`deal_id`, `user_id`, `bid`, `bidded_at`) VALUES (76, 76, 112, '1981-11-28 18:54:26');
INSERT INTO `bids` (`deal_id`, `user_id`, `bid`, `bidded_at`) VALUES (77, 41, 142, '2015-06-20 17:00:28');
INSERT INTO `bids` (`deal_id`, `user_id`, `bid`, `bidded_at`) VALUES (77, 59, 590, '2010-02-27 14:35:30');
INSERT INTO `bids` (`deal_id`, `user_id`, `bid`, `bidded_at`) VALUES (77, 77, 586, '1974-01-31 05:37:10');
INSERT INTO `bids` (`deal_id`, `user_id`, `bid`, `bidded_at`) VALUES (78, 42, 512, '2007-08-27 17:53:00');
INSERT INTO `bids` (`deal_id`, `user_id`, `bid`, `bidded_at`) VALUES (78, 60, 564, '1986-10-24 10:08:57');
INSERT INTO `bids` (`deal_id`, `user_id`, `bid`, `bidded_at`) VALUES (78, 78, 133, '2006-06-13 15:01:45');
INSERT INTO `bids` (`deal_id`, `user_id`, `bid`, `bidded_at`) VALUES (79, 43, 807, '2015-01-31 04:58:39');
INSERT INTO `bids` (`deal_id`, `user_id`, `bid`, `bidded_at`) VALUES (79, 61, 236, '1982-09-02 01:38:41');
INSERT INTO `bids` (`deal_id`, `user_id`, `bid`, `bidded_at`) VALUES (79, 79, 595, '1982-03-31 11:38:50');
INSERT INTO `bids` (`deal_id`, `user_id`, `bid`, `bidded_at`) VALUES (80, 44, 1051, '1970-02-04 19:58:19');
INSERT INTO `bids` (`deal_id`, `user_id`, `bid`, `bidded_at`) VALUES (80, 62, 1263, '2008-05-26 08:30:11');
INSERT INTO `bids` (`deal_id`, `user_id`, `bid`, `bidded_at`) VALUES (80, 80, 928, '1991-12-09 09:16:12');
INSERT INTO `bids` (`deal_id`, `user_id`, `bid`, `bidded_at`) VALUES (81, 45, 964, '2000-12-23 08:19:06');
INSERT INTO `bids` (`deal_id`, `user_id`, `bid`, `bidded_at`) VALUES (81, 63, 971, '2012-04-10 13:55:53');
INSERT INTO `bids` (`deal_id`, `user_id`, `bid`, `bidded_at`) VALUES (81, 81, 740, '2016-03-18 06:26:20');
INSERT INTO `bids` (`deal_id`, `user_id`, `bid`, `bidded_at`) VALUES (82, 46, 644, '2000-12-22 22:49:05');
INSERT INTO `bids` (`deal_id`, `user_id`, `bid`, `bidded_at`) VALUES (82, 64, 258, '2013-03-15 03:52:56');
INSERT INTO `bids` (`deal_id`, `user_id`, `bid`, `bidded_at`) VALUES (82, 82, 569, '1989-03-08 14:45:19');


-- deal_details
INSERT INTO `deal_details` (`deal_id`, `delivery_terms`, `location`, `condition_id`) VALUES (1, 'Tenetur sunt autem rerum possimus alias. Nostrum odio ipsa vero error aut minus. Sed ut sapiente fuga amet neque.', POINT(-147.761490, -30.000559), 1);
INSERT INTO `deal_details` (`deal_id`, `delivery_terms`, `location`, `condition_id`) VALUES (2, 'Officia in consequatur aliquam consequatur sed autem nihil. Vitae expedita in ut tempora nam quas. Placeat eius accusantium maxime qui quam cum.', POINT(-147.861542, -78.305031), 2);
INSERT INTO `deal_details` (`deal_id`, `delivery_terms`, `location`, `condition_id`) VALUES (3, 'Officiis aut labore cupiditate in ut inventore autem. Omnis sint quia similique quidem beatae consequatur. Vitae tempora nobis rerum vel earum facere enim. Odit', POINT(-46.986385, -86.643166), 3);
INSERT INTO `deal_details` (`deal_id`, `delivery_terms`, `location`, `condition_id`) VALUES (4, 'Magni eveniet veniam fuga ut aut. Et molestias sapiente voluptatum quia et. Voluptas animi tenetur cum tempora rerum. Placeat incidunt vel quia nisi autem rerum', POINT(-75.650436, 89.610817), 4);
INSERT INTO `deal_details` (`deal_id`, `delivery_terms`, `location`, `condition_id`) VALUES (5, 'Et dolores expedita voluptate possimus et. Accusamus quasi aliquam quas sunt aliquam est commodi et. Repudiandae doloribus sit dicta expedita voluptas.', POINT(93.753952, 30.666317), 5);
INSERT INTO `deal_details` (`deal_id`, `delivery_terms`, `location`, `condition_id`) VALUES (6, 'Voluptatem dolore et sequi sunt voluptas doloribus dicta. Dolores eaque voluptates omnis dolorem quia autem aut quisquam. Enim optio dolor est animi vel aut qui', POINT(-155.063019, 66.228409), 1);
INSERT INTO `deal_details` (`deal_id`, `delivery_terms`, `location`, `condition_id`) VALUES (7, 'Aperiam amet adipisci maiores laborum fugiat voluptas porro. Enim molestiae dolor eius praesentium sunt. Tempora ut quaerat nemo et. Harum est omnis deserunt. A', POINT(-67.149895, 43.945763), 2);
INSERT INTO `deal_details` (`deal_id`, `delivery_terms`, `location`, `condition_id`) VALUES (8, 'Mollitia fuga qui totam. Aut sint officia perspiciatis nam pariatur accusantium id illum. Vero est non consequatur eveniet eum maxime quasi. Omnis omnis et et e', POINT(-153.169449, 8.219207), 3);
INSERT INTO `deal_details` (`deal_id`, `delivery_terms`, `location`, `condition_id`) VALUES (9, 'Dignissimos maiores fugiat libero explicabo enim distinctio. Et omnis placeat esse cupiditate dolorem quia. Recusandae quasi ipsam optio velit qui. Asperiores s', POINT(-149.561264, -15.323590), 4);
INSERT INTO `deal_details` (`deal_id`, `delivery_terms`, `location`, `condition_id`) VALUES (10, 'Iusto facilis id ipsum quo provident itaque sunt. A dolore et minus velit quae. Magnam odit quidem quis perspiciatis in quas non. Ab modi est eum nihil. Volupta', POINT(65.644867, -35.231571), 5);
INSERT INTO `deal_details` (`deal_id`, `delivery_terms`, `location`, `condition_id`) VALUES (11, 'Ullam quod nobis unde voluptatibus quibusdam. Sunt dolor voluptas voluptatem et. Non mollitia assumenda neque quia odit. Libero tempora molestiae ex et maiores ', POINT(49.615288, 22.074282), 1);
INSERT INTO `deal_details` (`deal_id`, `delivery_terms`, `location`, `condition_id`) VALUES (12, 'Harum eaque ut quis. Nesciunt voluptatum reprehenderit est saepe. Sed cum qui at dignissimos tenetur sint. Assumenda facilis saepe qui enim. Quasi molestiae cor', POINT(153.140839, -81.864639), 2);
INSERT INTO `deal_details` (`deal_id`, `delivery_terms`, `location`, `condition_id`) VALUES (13, 'Ex praesentium inventore ut eaque quibusdam ut. Itaque ut corporis voluptatem dolore eaque veniam. Perspiciatis qui exercitationem voluptatem. Ipsa cupiditate a', POINT(36.608727, 3.593991), 3);
INSERT INTO `deal_details` (`deal_id`, `delivery_terms`, `location`, `condition_id`) VALUES (14, 'Reiciendis ipsum vitae aut esse. Quae et aut eum consectetur. Temporibus et et quo fugit minus.', POINT(119.828949, 39.531479), 4);
INSERT INTO `deal_details` (`deal_id`, `delivery_terms`, `location`, `condition_id`) VALUES (15, 'Ex officia labore sint repellendus. Culpa aut corporis iure rerum laborum culpa nulla. Est enim fugit dolor aspernatur assumenda nihil. Doloribus dolores quis t', POINT(98.114372, -26.367311), 5);
INSERT INTO `deal_details` (`deal_id`, `delivery_terms`, `location`, `condition_id`) VALUES (16, 'Autem nostrum odio eaque tempora odio nihil enim. Aut qui excepturi saepe maiores qui sint. Tempore harum sit sunt quis.', POINT(-143.991776, 58.505711), 1);
INSERT INTO `deal_details` (`deal_id`, `delivery_terms`, `location`, `condition_id`) VALUES (17, 'Eius qui veritatis eos error. Non ut consequatur nulla sunt consequatur explicabo. Quia et harum autem et harum nisi.', POINT(170.602188, 74.411636), 2);
INSERT INTO `deal_details` (`deal_id`, `delivery_terms`, `location`, `condition_id`) VALUES (18, 'Veritatis minus illo deserunt. Quia illo similique molestiae distinctio. Odit tempore odio blanditiis unde repellendus. Quo sunt in minus.', POINT(-121.680405, 61.870972), 3);
INSERT INTO `deal_details` (`deal_id`, `delivery_terms`, `location`, `condition_id`) VALUES (19, 'Accusamus nihil accusantium cupiditate at. Sed consectetur consequatur consequatur ea illum molestias. Nobis quod reprehenderit quasi quia.', POINT(-73.014977, 58.062862), 4);
INSERT INTO `deal_details` (`deal_id`, `delivery_terms`, `location`, `condition_id`) VALUES (20, 'Reprehenderit necessitatibus ducimus tempore error commodi non saepe. Quisquam qui tempore odit in pariatur. Amet aut omnis esse sapiente repellendus consequatu', POINT(-135.334869, -68.677063), 5);
INSERT INTO `deal_details` (`deal_id`, `delivery_terms`, `location`, `condition_id`) VALUES (21, 'Autem provident voluptas officiis sed facere sit aliquam. Itaque fugiat deserunt eum labore voluptatem. Enim nihil inventore expedita ipsam magnam cum nostrum m', POINT(170.583450, 44.414005), 1);
INSERT INTO `deal_details` (`deal_id`, `delivery_terms`, `location`, `condition_id`) VALUES (22, 'Ut quod sunt dolorem omnis. Voluptatem architecto dolores qui accusantium ea.', POINT(-7.523443, -81.576195), 2);
INSERT INTO `deal_details` (`deal_id`, `delivery_terms`, `location`, `condition_id`) VALUES (23, 'Repellendus magni animi est quibusdam. Quis quibusdam suscipit quasi ex repellendus. Distinctio magni voluptatem tempora quas placeat. Ipsa eos aut corrupti tem', POINT(-139.460648, 76.179840), 3);
INSERT INTO `deal_details` (`deal_id`, `delivery_terms`, `location`, `condition_id`) VALUES (24, 'Rerum debitis velit nobis necessitatibus mollitia voluptatum et. Fugit amet in vitae quia cum. Est reiciendis sed qui perferendis. Perspiciatis consectetur face', POINT(87.769661, 78.704506), 4);
INSERT INTO `deal_details` (`deal_id`, `delivery_terms`, `location`, `condition_id`) VALUES (25, 'Tempora dolore ut dolor officia ut ea voluptatem nam. Libero ut cum sint molestiae ad deleniti.', POINT(26.817188, 43.852940), 5);
INSERT INTO `deal_details` (`deal_id`, `delivery_terms`, `location`, `condition_id`) VALUES (26, 'Aperiam omnis velit quis quidem corrupti. Nemo harum sed deleniti maxime. Tenetur ut est modi a accusamus. Provident autem temporibus reiciendis expedita quasi ', POINT(82.523521, -76.472099), 1);
INSERT INTO `deal_details` (`deal_id`, `delivery_terms`, `location`, `condition_id`) VALUES (27, 'Sit est accusantium ipsam sit. Animi ea odio et itaque. Et amet placeat sapiente amet optio asperiores. Nihil sit et odit a quisquam facere. Consequuntur natus ', POINT(57.003052, 18.093630), 2);
INSERT INTO `deal_details` (`deal_id`, `delivery_terms`, `location`, `condition_id`) VALUES (28, 'Hic totam fugiat distinctio nulla odio. Necessitatibus sunt blanditiis eos dolorum. Accusamus impedit est eius facere illo ut rem.', POINT(-162.257095, 48.211288), 3);
INSERT INTO `deal_details` (`deal_id`, `delivery_terms`, `location`, `condition_id`) VALUES (29, 'Deserunt quibusdam amet dolore autem minima. Quibusdam tenetur et facilis quo ex inventore architecto.', POINT(92.793655, -16.767893), 4);
INSERT INTO `deal_details` (`deal_id`, `delivery_terms`, `location`, `condition_id`) VALUES (30, 'Aperiam sunt voluptate ut doloremque doloribus nesciunt eos expedita. Odio repudiandae beatae alias ea aut cupiditate cumque. Adipisci fugiat maiores voluptas q', POINT(34.868996, -20.914692), 5);
INSERT INTO `deal_details` (`deal_id`, `delivery_terms`, `location`, `condition_id`) VALUES (31, 'Accusamus est iste quisquam. Possimus aut consequatur nemo. Totam omnis magnam veniam rem similique qui debitis.', POINT(-122.066139, 38.339977), 1);
INSERT INTO `deal_details` (`deal_id`, `delivery_terms`, `location`, `condition_id`) VALUES (32, 'Unde repellendus sit laborum aut eum. Consequatur accusamus quam soluta aliquid repellat non quia. Quas expedita iure iusto in et soluta quis. Quia est nihil ut', POINT(101.704033, 62.951092), 2);
INSERT INTO `deal_details` (`deal_id`, `delivery_terms`, `location`, `condition_id`) VALUES (33, 'Et a est quaerat. Autem atque rem sed qui nostrum voluptas consequuntur iure. Quis non ut magnam vel officiis voluptates unde.', POINT(144.510880, 24.748936), 3);
INSERT INTO `deal_details` (`deal_id`, `delivery_terms`, `location`, `condition_id`) VALUES (34, 'Ipsum distinctio sint distinctio maxime aliquam nihil sint. Eum pariatur ea aut ducimus porro est. Iusto illo enim minima libero cupiditate.', POINT(43.776058, -66.809212), 4);
INSERT INTO `deal_details` (`deal_id`, `delivery_terms`, `location`, `condition_id`) VALUES (35, 'Eum voluptatem quasi sint pariatur quasi odit laborum. Est qui magni non tempora repudiandae. Consequatur autem molestiae voluptatibus animi nihil neque quia. Q', POINT(-12.170959, -18.852207), 5);
INSERT INTO `deal_details` (`deal_id`, `delivery_terms`, `location`, `condition_id`) VALUES (36, 'Dolores vitae et necessitatibus quo rerum. Ipsum aut minus eius nihil. Sint enim aut magni quia ipsa.', POINT(-153.246750, -17.433399), 1);
INSERT INTO `deal_details` (`deal_id`, `delivery_terms`, `location`, `condition_id`) VALUES (37, 'Quos est et dolore voluptatem placeat omnis. Et explicabo et fugiat dolor aut.', POINT(-95.207710, 23.180786), 2);
INSERT INTO `deal_details` (`deal_id`, `delivery_terms`, `location`, `condition_id`) VALUES (38, 'Ex sit eaque necessitatibus autem laboriosam aperiam laudantium. Qui nihil doloribus repellat qui in quas reprehenderit. In dolorum quis ab sint.', POINT(166.256195, -43.428333), 3);
INSERT INTO `deal_details` (`deal_id`, `delivery_terms`, `location`, `condition_id`) VALUES (39, 'Quos mollitia sapiente mollitia sed ullam esse iure. Et consequatur esse recusandae ipsam voluptas. Aut rerum similique consequatur officiis aspernatur nobis.', POINT(-175.733521, 48.152931), 4);
INSERT INTO `deal_details` (`deal_id`, `delivery_terms`, `location`, `condition_id`) VALUES (40, 'Ratione iste aut eius quidem. Itaque dignissimos voluptatibus magnam tempore. Dolorem atque sit dolores ut dolorum non similique.', POINT(-59.788078, -62.839630), 5);
INSERT INTO `deal_details` (`deal_id`, `delivery_terms`, `location`, `condition_id`) VALUES (41, 'Repellendus quia sed mollitia. Aut velit reiciendis eaque facilis ut minima iusto. Sed eum sit ratione aut. Et aut ad dolores possimus sint.', POINT(-110.961479, -73.694237), 1);
INSERT INTO `deal_details` (`deal_id`, `delivery_terms`, `location`, `condition_id`) VALUES (42, 'Et accusantium et accusamus quis occaecati minus. Nulla illum similique doloribus saepe facere. Quo eaque et architecto quaerat.', POINT(-82.817833, 66.212814), 2);
INSERT INTO `deal_details` (`deal_id`, `delivery_terms`, `location`, `condition_id`) VALUES (43, 'Doloremque ad reiciendis magni earum minus omnis. Libero maiores sed id eius est consequatur et. Placeat placeat non laudantium sed itaque.', POINT(-66.468590, 45.517857), 3);
INSERT INTO `deal_details` (`deal_id`, `delivery_terms`, `location`, `condition_id`) VALUES (44, 'Animi sit officiis laboriosam temporibus. Adipisci numquam laboriosam quo dolores ea. Sequi quo sed distinctio in. Laboriosam voluptas et voluptate odit.', POINT(1.862267, -9.592701), 4);
INSERT INTO `deal_details` (`deal_id`, `delivery_terms`, `location`, `condition_id`) VALUES (45, 'Qui et ducimus eveniet enim. Sunt enim qui qui non iusto.', POINT(4.670823, -66.417244), 5);
INSERT INTO `deal_details` (`deal_id`, `delivery_terms`, `location`, `condition_id`) VALUES (46, 'Aut iure omnis fugiat atque. Et magni ipsa voluptatem explicabo corporis ipsam illum delectus. Et ex eos totam voluptatibus voluptatem. Cumque non soluta deseru', POINT(-86.364433, 49.470997), 1);
INSERT INTO `deal_details` (`deal_id`, `delivery_terms`, `location`, `condition_id`) VALUES (47, 'Eligendi recusandae amet est et esse. Velit corrupti eveniet totam accusantium facilis.', POINT(53.050327, 68.729927), 2);
INSERT INTO `deal_details` (`deal_id`, `delivery_terms`, `location`, `condition_id`) VALUES (48, 'Velit est rerum aliquid voluptatem et beatae cumque eaque. Hic voluptas eaque aperiam consequatur facilis voluptatem cumque.', POINT(30.902458, 44.350445), 3);
INSERT INTO `deal_details` (`deal_id`, `delivery_terms`, `location`, `condition_id`) VALUES (49, 'Non voluptatem non quas consectetur. Vitae aliquam unde alias quos magni qui. Et quam quaerat et dignissimos quasi ipsum odit.', POINT(-39.248898, 64.012985), 4);
INSERT INTO `deal_details` (`deal_id`, `delivery_terms`, `location`, `condition_id`) VALUES (50, 'Et sed iure maxime corporis culpa. Aut consequatur earum sint illum neque. Nesciunt nihil quidem consequatur nihil. Quam aut optio aut.', POINT(-130.405258, 67.628639), 5);
INSERT INTO `deal_details` (`deal_id`, `delivery_terms`, `location`, `condition_id`) VALUES (51, 'Provident voluptatem qui ex aut quia. Doloribus est esse architecto voluptatem aut. Facilis aut dolor nobis deleniti nesciunt ea adipisci. Ducimus necessitatibu', POINT(31.221500, 69.122162), 1);
INSERT INTO `deal_details` (`deal_id`, `delivery_terms`, `location`, `condition_id`) VALUES (52, 'Possimus illo enim et sint vitae omnis id. Suscipit voluptates ut ut sed est. Unde dolorem eveniet distinctio. Eum excepturi veniam voluptatibus sunt recusandae', POINT(-178.086029, 47.913860), 2);
INSERT INTO `deal_details` (`deal_id`, `delivery_terms`, `location`, `condition_id`) VALUES (53, 'Occaecati dolores sequi doloribus architecto officiis rerum aut illum. Ea molestiae numquam reiciendis aut sapiente ratione. Vel repellat quia quaerat blanditii', POINT(137.676041, -70.122978), 3);
INSERT INTO `deal_details` (`deal_id`, `delivery_terms`, `location`, `condition_id`) VALUES (54, 'Repellat maiores et facere nostrum sed mollitia. Nulla magnam sequi molestiae sapiente nihil est perferendis voluptatem. Error sunt velit minus dolores ut optio', POINT(-11.452822, 21.715199), 4);
INSERT INTO `deal_details` (`deal_id`, `delivery_terms`, `location`, `condition_id`) VALUES (55, 'Omnis corporis nihil iste dolorum et iure eius. Qui pariatur odio tempora iste quo blanditiis delectus. Nam eius omnis id incidunt. Maxime occaecati dolores acc', POINT(152.334000, -24.235256), 5);
INSERT INTO `deal_details` (`deal_id`, `delivery_terms`, `location`, `condition_id`) VALUES (56, 'Qui velit mollitia omnis dignissimos recusandae. Ratione mollitia cumque autem laborum. Explicabo eos in quo quo molestiae corporis repellendus. Quo est fugit t', POINT(-134.741318, 27.082687), 1);
INSERT INTO `deal_details` (`deal_id`, `delivery_terms`, `location`, `condition_id`) VALUES (57, 'Praesentium non et aut quia ut vero. Vitae est sequi perspiciatis incidunt quo. Natus voluptatem voluptatem cum in quo. Eos perspiciatis et quasi atque voluptat', POINT(46.307922, -66.650215), 2);
INSERT INTO `deal_details` (`deal_id`, `delivery_terms`, `location`, `condition_id`) VALUES (58, 'A cupiditate molestiae repellendus dolorem qui consectetur nam fugiat. Nostrum consequatur eum quos quibusdam. Et et ut sint enim. Perferendis in quis enim sapi', POINT(-127.807869, 44.101418), 3);
INSERT INTO `deal_details` (`deal_id`, `delivery_terms`, `location`, `condition_id`) VALUES (59, 'Saepe delectus voluptatem ipsam facere. Eos perferendis debitis nobis quis et unde aut. Ut et dolores perferendis.', POINT(94.267387, -22.982904), 4);
INSERT INTO `deal_details` (`deal_id`, `delivery_terms`, `location`, `condition_id`) VALUES (60, 'Molestiae possimus quas et aspernatur magni vel maiores. Voluptatem porro id magnam rerum repudiandae quisquam. Debitis aut rerum maiores quia quia eos eius.', POINT(111.791595, -7.807244), 5);
INSERT INTO `deal_details` (`deal_id`, `delivery_terms`, `location`, `condition_id`) VALUES (61, 'Harum eum in voluptatem. Minima repellat velit sunt odio consectetur a. Error et dolor inventore eum adipisci sed.', POINT(-88.680412, -54.558918), 1);
INSERT INTO `deal_details` (`deal_id`, `delivery_terms`, `location`, `condition_id`) VALUES (62, 'Sunt odit voluptatem consequatur. Molestias explicabo laudantium necessitatibus nobis facere. Inventore et quia vero ipsa deleniti eos. Omnis ipsa non eius sit ', POINT(-39.235760, 68.016464), 2);
INSERT INTO `deal_details` (`deal_id`, `delivery_terms`, `location`, `condition_id`) VALUES (63, 'Molestiae dolorem eum ut est pariatur consequatur accusamus. Beatae saepe maiores alias ut amet doloribus est. Incidunt voluptatem explicabo animi facilis non.', POINT(-37.517391, -56.128246), 3);
INSERT INTO `deal_details` (`deal_id`, `delivery_terms`, `location`, `condition_id`) VALUES (64, 'Ad aut libero ipsa libero modi aut. Eum perspiciatis sed vel delectus. Culpa assumenda eligendi odio et id est enim.', POINT(-148.285461, -0.775769), 4);
INSERT INTO `deal_details` (`deal_id`, `delivery_terms`, `location`, `condition_id`) VALUES (65, 'Vero nostrum odit quibusdam velit ea voluptatem similique. Nisi aliquam quidem qui.', POINT(-78.522385, -6.407406), 5);
INSERT INTO `deal_details` (`deal_id`, `delivery_terms`, `location`, `condition_id`) VALUES (66, 'Excepturi velit fugit placeat et et et sint. Sint qui autem aut qui quis illum.', POINT(37.297501, -67.255646), 1);
INSERT INTO `deal_details` (`deal_id`, `delivery_terms`, `location`, `condition_id`) VALUES (67, 'Nam facere ut et quisquam voluptatem aliquid. Velit nam culpa aut voluptatem voluptatem id. Est minima harum minus aliquid. Rem beatae odio quis quod.', POINT(3.487503, -41.830387), 2);
INSERT INTO `deal_details` (`deal_id`, `delivery_terms`, `location`, `condition_id`) VALUES (68, 'Et nostrum molestias laudantium eligendi. Quia non natus est voluptas provident et aut rem. Eligendi nihil provident praesentium. Voluptates voluptatem eos aute', POINT(-90.614281, 71.039925), 3);
INSERT INTO `deal_details` (`deal_id`, `delivery_terms`, `location`, `condition_id`) VALUES (69, 'Ducimus ut rerum qui officiis fugiat. Similique rerum beatae velit repudiandae. Totam praesentium rerum corporis eos. Dolores tempora repudiandae quas autem mag', POINT(-1.656127, 87.864647), 4);
INSERT INTO `deal_details` (`deal_id`, `delivery_terms`, `location`, `condition_id`) VALUES (70, 'Possimus perferendis numquam omnis veniam tempore itaque quis. Quisquam aspernatur et est est facilis. Earum quod et voluptatem maxime facilis voluptas id dolor', POINT(100.918335, -51.399532), 5);
INSERT INTO `deal_details` (`deal_id`, `delivery_terms`, `location`, `condition_id`) VALUES (71, 'Quia est aspernatur sed molestiae inventore ad deserunt. Eaque enim occaecati qui provident rerum. Sint voluptates sequi id debitis.', POINT(148.867233, 30.836882), 1);
INSERT INTO `deal_details` (`deal_id`, `delivery_terms`, `location`, `condition_id`) VALUES (72, 'Voluptatem pariatur ipsa quia sequi impedit. Natus nulla fugit et ipsam velit quod asperiores. Animi aut id molestiae molestiae maxime nesciunt excepturi in. Re', POINT(-50.185650, 28.611982), 2);
INSERT INTO `deal_details` (`deal_id`, `delivery_terms`, `location`, `condition_id`) VALUES (73, 'Laborum in voluptatibus dolores eos id possimus temporibus. Aspernatur accusamus voluptatem eius quam. Est nostrum provident sit omnis voluptas enim amet quod. ', POINT(-132.508087, -41.856754), 3);
INSERT INTO `deal_details` (`deal_id`, `delivery_terms`, `location`, `condition_id`) VALUES (74, 'Et et libero et qui. Suscipit aspernatur aliquid saepe velit pariatur quidem sed sit. Laudantium aut labore fuga. Repudiandae inventore possimus expedita velit ', POINT(-66.631775, 21.736692), 4);
INSERT INTO `deal_details` (`deal_id`, `delivery_terms`, `location`, `condition_id`) VALUES (75, 'Ut rerum est neque aliquam adipisci officia. Et non nostrum est qui et tempore omnis. Et provident consectetur voluptatem voluptas eos. Pariatur cumque voluptat', POINT(40.553097, -1.445854), 5);
INSERT INTO `deal_details` (`deal_id`, `delivery_terms`, `location`, `condition_id`) VALUES (76, 'Repudiandae explicabo perspiciatis quam illum ipsam est minima. Nihil autem temporibus soluta veniam vero. Dignissimos tenetur dolorum ipsam sint possimus est c', POINT(-90.018944, 32.138771), 1);
INSERT INTO `deal_details` (`deal_id`, `delivery_terms`, `location`, `condition_id`) VALUES (77, 'Explicabo odio modi sunt consectetur praesentium id. Sed sequi et non molestiae harum minima at quia. Necessitatibus rerum ratione animi quo vitae quo quis.', POINT(-76.058655, -76.526260), 2);
INSERT INTO `deal_details` (`deal_id`, `delivery_terms`, `location`, `condition_id`) VALUES (78, 'Velit molestiae eos veritatis. Libero nam numquam esse praesentium. Ducimus et in repellat nulla. Inventore suscipit porro officia deserunt aut molestias dolore', POINT(1.817754, -71.079880), 3);
INSERT INTO `deal_details` (`deal_id`, `delivery_terms`, `location`, `condition_id`) VALUES (79, 'Sed laborum optio repellendus soluta a. Dolores corrupti dolor et voluptas. Dicta ipsam est quo officiis rem nostrum voluptas.', POINT(-68.160011, -71.754692), 4);
INSERT INTO `deal_details` (`deal_id`, `delivery_terms`, `location`, `condition_id`) VALUES (80, 'Temporibus quia velit cum voluptas facilis quod. Delectus ratione aliquid ullam id. Et tempora aut optio aut. Sint qui quis voluptate temporibus rerum.', POINT(129.345291, -50.718803), 5);
INSERT INTO `deal_details` (`deal_id`, `delivery_terms`, `location`, `condition_id`) VALUES (81, 'Omnis velit deleniti ea voluptatem dolore quo. Accusamus sit expedita et eos. Eius velit cum quo asperiores deleniti molestiae a iste.', POINT(-148.766891, 34.984917), 1);
INSERT INTO `deal_details` (`deal_id`, `delivery_terms`, `location`, `condition_id`) VALUES (82, 'Dolore est quis odit animi. Consequatur consequatur et unde aliquid ut. Quis eos voluptas ut incidunt fugit. Sit soluta ut nisi nihil maiores omnis.', POINT(-148.624146, -0.536729), 2);


-- measures
INSERT INTO `measures` (`id`, `name`) VALUES (1, 'centimeters');
INSERT INTO `measures` (`id`, `name`) VALUES (2, 'kilowatt');
INSERT INTO `measures` (`id`, `name`) VALUES (3, 'EU');
INSERT INTO `measures` (`id`, `name`) VALUES (4, 'US');
INSERT INTO `measures` (`id`, `name`) VALUES (5, 'square meter');
INSERT INTO `measures` (`id`, `name`) VALUES (6, 'liters');


--goods_properties
INSERT INTO `goods_properties` (`goods_id`, `properties_id`, `measure_id`, `value`) VALUES (1, 1, 3, '7');
INSERT INTO `goods_properties` (`goods_id`, `properties_id`, `measure_id`, `value`) VALUES (13, 5, 1, '76');
INSERT INTO `goods_properties` (`goods_id`, `properties_id`, `measure_id`, `value`) VALUES (2, 2, 4, '43');
INSERT INTO `goods_properties` (`goods_id`, `properties_id`, `measure_id`, `value`) VALUES (2, 6, 2, '23');
INSERT INTO `goods_properties` (`goods_id`, `properties_id`, `measure_id`, `value`) VALUES (3, 3, 6, '33');
INSERT INTO `goods_properties` (`goods_id`, `properties_id`, `measure_id`, `value`) VALUES (3, 7, 4, '18');
INSERT INTO `goods_properties` (`goods_id`, `properties_id`, `measure_id`, `value`) VALUES (4, 4, 6, '7');
INSERT INTO `goods_properties` (`goods_id`, `properties_id`, `measure_id`, `value`) VALUES (4, 8, 4, '72');
INSERT INTO `goods_properties` (`goods_id`, `properties_id`, `measure_id`, `value`) VALUES (5, 5, 1, '68');
INSERT INTO `goods_properties` (`goods_id`, `properties_id`, `measure_id`, `value`) VALUES (5, 9, 5, '29');
INSERT INTO `goods_properties` (`goods_id`, `properties_id`, `measure_id`, `value`) VALUES (6, 6, 2, '63');
INSERT INTO `goods_properties` (`goods_id`, `properties_id`, `measure_id`, `value`) VALUES (6, 10, 1, '67');
INSERT INTO `goods_properties` (`goods_id`, `properties_id`, `measure_id`, `value`) VALUES (7, 7, 4, '41');
INSERT INTO `goods_properties` (`goods_id`, `properties_id`, `measure_id`, `value`) VALUES (7, 11, 6 '43');
INSERT INTO `goods_properties` (`goods_id`, `properties_id`, `measure_id`, `value`) VALUES (8, 8, 4, '37');
INSERT INTO `goods_properties` (`goods_id`, `properties_id`, `measure_id`, `value`) VALUES (8, 12, 2, '47');
INSERT INTO `goods_properties` (`goods_id`, `properties_id`, `measure_id`, `value`) VALUES (9, 9, 5, '69');
INSERT INTO `goods_properties` (`goods_id`, `properties_id`, `measure_id`, `value`) VALUES (9, 13, 3 '74');
INSERT INTO `goods_properties` (`goods_id`, `properties_id`, `measure_id`, `value`) VALUES (10, 1, 3, '64');
INSERT INTO `goods_properties` (`goods_id`, `properties_id`, `measure_id`, `value`) VALUES (10, 10, 1, '53');
INSERT INTO `goods_properties` (`goods_id`, `properties_id`, `measure_id`, `value`) VALUES (11, 2, 4, '20');
INSERT INTO `goods_properties` (`goods_id`, `properties_id`, `measure_id`, `value`) VALUES (11, 11, 6 '51');
INSERT INTO `goods_properties` (`goods_id`, `properties_id`, `measure_id`, `value`) VALUES (12, 3, 6, '20');
INSERT INTO `goods_properties` (`goods_id`, `properties_id`, `measure_id`, `value`) VALUES (12, 12, 2, '20');
INSERT INTO `goods_properties` (`goods_id`, `properties_id`, `measure_id`, `value`) VALUES (13, 4, 6, '9');
INSERT INTO `goods_properties` (`goods_id`, `properties_id`, `measure_id`, `value`) VALUES (13, 13, 3 '64');
INSERT INTO `goods_properties` (`goods_id`, `properties_id`, `measure_id`, `value`) VALUES (14, 1, 3, '73');
INSERT INTO `goods_properties` (`goods_id`, `properties_id`, `measure_id`, `value`) VALUES (14, 5, 1, '26');
INSERT INTO `goods_properties` (`goods_id`, `properties_id`, `measure_id`, `value`) VALUES (15, 2, 4, '14');
INSERT INTO `goods_properties` (`goods_id`, `properties_id`, `measure_id`, `value`) VALUES (15, 6, 2, '52');
INSERT INTO `goods_properties` (`goods_id`, `properties_id`, `measure_id`, `value`) VALUES (16, 3, 6, '7');
INSERT INTO `goods_properties` (`goods_id`, `properties_id`, `measure_id`, `value`) VALUES (16, 7, 4, '2');
INSERT INTO `goods_properties` (`goods_id`, `properties_id`, `measure_id`, `value`) VALUES (17, 4, 6, '11');
INSERT INTO `goods_properties` (`goods_id`, `properties_id`, `measure_id`, `value`) VALUES (17, 8, 4, '17');
INSERT INTO `goods_properties` (`goods_id`, `properties_id`, `measure_id`, `value`) VALUES (18, 5, 1, '49');
INSERT INTO `goods_properties` (`goods_id`, `properties_id`, `measure_id`, `value`) VALUES (18, 9, 5, '24');
INSERT INTO `goods_properties` (`goods_id`, `properties_id`, `measure_id`, `value`) VALUES (19, 6, 2, '18');
INSERT INTO `goods_properties` (`goods_id`, `properties_id`, `measure_id`, `value`) VALUES (20, 7, 4, '74');
INSERT INTO `goods_properties` (`goods_id`, `properties_id`, `measure_id`, `value`) VALUES (21, 8, 4, '38');
INSERT INTO `goods_properties` (`goods_id`, `properties_id`, `measure_id`, `value`) VALUES (22, 9, 5, '60');
INSERT INTO `goods_properties` (`goods_id`, `properties_id`, `measure_id`, `value`) VALUES (23, 10, 1, '3');
INSERT INTO `goods_properties` (`goods_id`, `properties_id`, `measure_id`, `value`) VALUES (24, 11, 6 '54');
INSERT INTO `goods_properties` (`goods_id`, `properties_id`, `measure_id`, `value`) VALUES (25, 12, 2, '30');
INSERT INTO `goods_properties` (`goods_id`, `properties_id`, `measure_id`, `value`) VALUES (26, 13, 3 '19');
INSERT INTO `goods_properties` (`goods_id`, `properties_id`, `measure_id`, `value`) VALUES (27, 1, 3, '65');
INSERT INTO `goods_properties` (`goods_id`, `properties_id`, `measure_id`, `value`) VALUES (28, 2, 4, '65');
INSERT INTO `goods_properties` (`goods_id`, `properties_id`, `measure_id`, `value`) VALUES (29, 3, 6, '53');
INSERT INTO `goods_properties` (`goods_id`, `properties_id`, `measure_id`, `value`) VALUES (30, 4, 6, '23');
INSERT INTO `goods_properties` (`goods_id`, `properties_id`, `measure_id`, `value`) VALUES (31, 5, 1, '63');
INSERT INTO `goods_properties` (`goods_id`, `properties_id`, `measure_id`, `value`) VALUES (32, 6, 2, '2');
INSERT INTO `goods_properties` (`goods_id`, `properties_id`, `measure_id`, `value`) VALUES (33, 7, 4, '14');
INSERT INTO `goods_properties` (`goods_id`, `properties_id`, `measure_id`, `value`) VALUES (34, 8, 4, '41');
INSERT INTO `goods_properties` (`goods_id`, `properties_id`, `measure_id`, `value`) VALUES (35, 9, 5, '25');
INSERT INTO `goods_properties` (`goods_id`, `properties_id`, `measure_id`, `value`) VALUES (36, 10, 1, '47');
INSERT INTO `goods_properties` (`goods_id`, `properties_id`, `measure_id`, `value`) VALUES (37, 11, 6 '48');
INSERT INTO `goods_properties` (`goods_id`, `properties_id`, `measure_id`, `value`) VALUES (38, 12, 2, '57');
INSERT INTO `goods_properties` (`goods_id`, `properties_id`, `measure_id`, `value`) VALUES (39, 13, 3 '47');
INSERT INTO `goods_properties` (`goods_id`, `properties_id`, `measure_id`, `value`) VALUES (40, 1, 3, '38');
INSERT INTO `goods_properties` (`goods_id`, `properties_id`, `measure_id`, `value`) VALUES (41, 2, 4, '25');
INSERT INTO `goods_properties` (`goods_id`, `properties_id`, `measure_id`, `value`) VALUES (42, 3, 6, '3');
INSERT INTO `goods_properties` (`goods_id`, `properties_id`, `measure_id`, `value`) VALUES (43, 4, 6, '59');
INSERT INTO `goods_properties` (`goods_id`, `properties_id`, `measure_id`, `value`) VALUES (44, 5, 1, '4');
INSERT INTO `goods_properties` (`goods_id`, `properties_id`, `measure_id`, `value`) VALUES (45, 6, 2, '50');
INSERT INTO `goods_properties` (`goods_id`, `properties_id`, `measure_id`, `value`) VALUES (46, 7, 4, '4');
INSERT INTO `goods_properties` (`goods_id`, `properties_id`, `measure_id`, `value`) VALUES (47, 8, 4, '29');
INSERT INTO `goods_properties` (`goods_id`, `properties_id`, `measure_id`, `value`) VALUES (48, 9, 5, '28');
INSERT INTO `goods_properties` (`goods_id`, `properties_id`, `measure_id`, `value`) VALUES (49, 10, 1, '67');
INSERT INTO `goods_properties` (`goods_id`, `properties_id`, `measure_id`, `value`) VALUES (50, 11, 6 '11');
INSERT INTO `goods_properties` (`goods_id`, `properties_id`, `measure_id`, `value`) VALUES (51, 12, 2, '71');
INSERT INTO `goods_properties` (`goods_id`, `properties_id`, `measure_id`, `value`) VALUES (52, 13, 3 '32');
INSERT INTO `goods_properties` (`goods_id`, `properties_id`, `measure_id`, `value`) VALUES (53, 1, 3, '31');
INSERT INTO `goods_properties` (`goods_id`, `properties_id`, `measure_id`, `value`) VALUES (54, 2, 4, '41');
INSERT INTO `goods_properties` (`goods_id`, `properties_id`, `measure_id`, `value`) VALUES (55, 3, 6, '64');
INSERT INTO `goods_properties` (`goods_id`, `properties_id`, `measure_id`, `value`) VALUES (56, 4, 6, '35');
INSERT INTO `goods_properties` (`goods_id`, `properties_id`, `measure_id`, `value`) VALUES (57, 5, 1, '38');
INSERT INTO `goods_properties` (`goods_id`, `properties_id`, `measure_id`, `value`) VALUES (58, 6, 2, '32');
INSERT INTO `goods_properties` (`goods_id`, `properties_id`, `measure_id`, `value`) VALUES (59, 7, 4, '32');
INSERT INTO `goods_properties` (`goods_id`, `properties_id`, `measure_id`, `value`) VALUES (60, 8, 4, '5');
INSERT INTO `goods_properties` (`goods_id`, `properties_id`, `measure_id`, `value`) VALUES (61, 9, 5, '25');
INSERT INTO `goods_properties` (`goods_id`, `properties_id`, `measure_id`, `value`) VALUES (62, 10, 1, '34');
INSERT INTO `goods_properties` (`goods_id`, `properties_id`, `measure_id`, `value`) VALUES (63, 11, 6 '35');
INSERT INTO `goods_properties` (`goods_id`, `properties_id`, `measure_id`, `value`) VALUES (64, 12, 2, '16');
INSERT INTO `goods_properties` (`goods_id`, `properties_id`, `measure_id`, `value`) VALUES (65, 13, 3 '48');
INSERT INTO `goods_properties` (`goods_id`, `properties_id`, `measure_id`, `value`) VALUES (66, 1, 3, '12');
INSERT INTO `goods_properties` (`goods_id`, `properties_id`, `measure_id`, `value`) VALUES (67, 2, 4, '70');
INSERT INTO `goods_properties` (`goods_id`, `properties_id`, `measure_id`, `value`) VALUES (68, 3, 6, '29');
INSERT INTO `goods_properties` (`goods_id`, `properties_id`, `measure_id`, `value`) VALUES (69, 4, 6, '24');
INSERT INTO `goods_properties` (`goods_id`, `properties_id`, `measure_id`, `value`) VALUES (70, 5, 1, '22');
INSERT INTO `goods_properties` (`goods_id`, `properties_id`, `measure_id`, `value`) VALUES (71, 6, 2, '53');
INSERT INTO `goods_properties` (`goods_id`, `properties_id`, `measure_id`, `value`) VALUES (72, 7, 4, '70');
INSERT INTO `goods_properties` (`goods_id`, `properties_id`, `measure_id`, `value`) VALUES (73, 8, 4, '46');
INSERT INTO `goods_properties` (`goods_id`, `properties_id`, `measure_id`, `value`) VALUES (74, 9, 5, '69');
INSERT INTO `goods_properties` (`goods_id`, `properties_id`, `measure_id`, `value`) VALUES (75, 10, 1, '6');
INSERT INTO `goods_properties` (`goods_id`, `properties_id`, `measure_id`, `value`) VALUES (76, 11, 6 '35');
INSERT INTO `goods_properties` (`goods_id`, `properties_id`, `measure_id`, `value`) VALUES (77, 12, 2, '76');
INSERT INTO `goods_properties` (`goods_id`, `properties_id`, `measure_id`, `value`) VALUES (78, 13, 3 '74');
INSERT INTO `goods_properties` (`goods_id`, `properties_id`, `measure_id`, `value`) VALUES (79, 1, 3, '42');
INSERT INTO `goods_properties` (`goods_id`, `properties_id`, `measure_id`, `value`) VALUES (80, 2, 4, '12');
INSERT INTO `goods_properties` (`goods_id`, `properties_id`, `measure_id`, `value`) VALUES (81, 3, 6, '52');
INSERT INTO `goods_properties` (`goods_id`, `properties_id`, `measure_id`, `value`) VALUES (82, 4, 6, '12');
INSERT INTO `goods_properties` (`goods_id`, `properties_id`, `measure_id`, `value`) VALUES (13, 13, 2, '12');


-- category_properties
INSERT INTO `category_properties` (`category_id`, `property_id`) VALUES (1, 1);
INSERT INTO `category_properties` (`category_id`, `property_id`) VALUES (2, 2);
INSERT INTO `category_properties` (`category_id`, `property_id`) VALUES (3, 3);
INSERT INTO `category_properties` (`category_id`, `property_id`) VALUES (4, 4);
INSERT INTO `category_properties` (`category_id`, `property_id`) VALUES (5, 5);
INSERT INTO `category_properties` (`category_id`, `property_id`) VALUES (6, 6);
INSERT INTO `category_properties` (`category_id`, `property_id`) VALUES (7, 7);
INSERT INTO `category_properties` (`category_id`, `property_id`) VALUES (8, 8);
INSERT INTO `category_properties` (`category_id`, `property_id`) VALUES (9, 9);
INSERT INTO `category_properties` (`category_id`, `property_id`) VALUES (10, 10);
INSERT INTO `category_properties` (`category_id`, `property_id`) VALUES (11, 11);
INSERT INTO `category_properties` (`category_id`, `property_id`) VALUES (12, 12);
INSERT INTO `category_properties` (`category_id`, `property_id`) VALUES (13, 13);


-- property_measures
INSERT INTO `property_measures` (`properties_id`, `measures_id`) VALUES (1, 3);
INSERT INTO `property_measures` (`properties_id`, `measures_id`) VALUES (1, 4);
INSERT INTO `property_measures` (`properties_id`, `measures_id`) VALUES (2, 4);
INSERT INTO `property_measures` (`properties_id`, `measures_id`) VALUES (2, 5);
INSERT INTO `property_measures` (`properties_id`, `measures_id`) VALUES (3, 5);
INSERT INTO `property_measures` (`properties_id`, `measures_id`) VALUES (3, 6);
INSERT INTO `property_measures` (`properties_id`, `measures_id`) VALUES (4, 1);
INSERT INTO `property_measures` (`properties_id`, `measures_id`) VALUES (4, 6);
INSERT INTO `property_measures` (`properties_id`, `measures_id`) VALUES (5, 1);
INSERT INTO `property_measures` (`properties_id`, `measures_id`) VALUES (5, 2);
INSERT INTO `property_measures` (`properties_id`, `measures_id`) VALUES (6, 2);
INSERT INTO `property_measures` (`properties_id`, `measures_id`) VALUES (6, 3);
INSERT INTO `property_measures` (`properties_id`, `measures_id`) VALUES (7, 3);
INSERT INTO `property_measures` (`properties_id`, `measures_id`) VALUES (7, 4);
INSERT INTO `property_measures` (`properties_id`, `measures_id`) VALUES (8, 4);
INSERT INTO `property_measures` (`properties_id`, `measures_id`) VALUES (8, 5);
INSERT INTO `property_measures` (`properties_id`, `measures_id`) VALUES (9, 5);
INSERT INTO `property_measures` (`properties_id`, `measures_id`) VALUES (9, 6);
INSERT INTO `property_measures` (`properties_id`, `measures_id`) VALUES (10, 1);
INSERT INTO `property_measures` (`properties_id`, `measures_id`) VALUES (10, 5);
INSERT INTO `property_measures` (`properties_id`, `measures_id`) VALUES (10, 6);
INSERT INTO `property_measures` (`properties_id`, `measures_id`) VALUES (11, 1);
INSERT INTO `property_measures` (`properties_id`, `measures_id`) VALUES (11, 2);
INSERT INTO `property_measures` (`properties_id`, `measures_id`) VALUES (11, 6);
INSERT INTO `property_measures` (`properties_id`, `measures_id`) VALUES (12, 1);
INSERT INTO `property_measures` (`properties_id`, `measures_id`) VALUES (12, 2);
INSERT INTO `property_measures` (`properties_id`, `measures_id`) VALUES (12, 3);
INSERT INTO `property_measures` (`properties_id`, `measures_id`) VALUES (13, 2);
INSERT INTO `property_measures` (`properties_id`, `measures_id`) VALUES (13, 3);
INSERT INTO `property_measures` (`properties_id`, `measures_id`) VALUES (13, 4);