-- MySQL dump 10.13  Distrib 8.0.12, for macos10.13 (x86_64)
--
-- Host: 127.0.0.1    Database: vk
-- ------------------------------------------------------
-- Server version	8.0.21

/*!40101 SET @OLD_CHARACTER_SET_CLIENT=@@CHARACTER_SET_CLIENT */;
/*!40101 SET @OLD_CHARACTER_SET_RESULTS=@@CHARACTER_SET_RESULTS */;
/*!40101 SET @OLD_COLLATION_CONNECTION=@@COLLATION_CONNECTION */;
 SET NAMES utf8 ;
/*!40103 SET @OLD_TIME_ZONE=@@TIME_ZONE */;
/*!40103 SET TIME_ZONE='+00:00' */;
/*!40014 SET @OLD_UNIQUE_CHECKS=@@UNIQUE_CHECKS, UNIQUE_CHECKS=0 */;
/*!40014 SET @OLD_FOREIGN_KEY_CHECKS=@@FOREIGN_KEY_CHECKS, FOREIGN_KEY_CHECKS=0 */;
/*!40101 SET @OLD_SQL_MODE=@@SQL_MODE, SQL_MODE='NO_AUTO_VALUE_ON_ZERO' */;
/*!40111 SET @OLD_SQL_NOTES=@@SQL_NOTES, SQL_NOTES=0 */;

--
-- Table structure for table `communities`
--

DROP TABLE IF EXISTS `communities`;
/*!40101 SET @saved_cs_client     = @@character_set_client */;
 SET character_set_client = utf8mb4 ;
CREATE TABLE `communities` (
  `id` int NOT NULL AUTO_INCREMENT,
  `name` varchar(245) NOT NULL,
  `admin_id` int NOT NULL,
  PRIMARY KEY (`id`),
  KEY `fk_communities_users1_idx` (`admin_id`),
  CONSTRAINT `fk_communities_users1` FOREIGN KEY (`admin_id`) REFERENCES `users` (`id`)
) ENGINE=InnoDB AUTO_INCREMENT=101 DEFAULT CHARSET=utf8mb4 COLLATE=utf8mb4_0900_ai_ci;
/*!40101 SET character_set_client = @saved_cs_client */;

--
-- Dumping data for table `communities`
--

LOCK TABLES `communities` WRITE;
/*!40000 ALTER TABLE `communities` DISABLE KEYS */;
INSERT INTO `communities` VALUES (1,'dignissimos',99),(2,'ullam',21),(3,'aut',74),(4,'soluta',95),(5,'harum',6),(6,'velit',46),(7,'quod',15),(8,'assumenda',24),(9,'tempore',47),(10,'voluptatum',88),(11,'repudiandae',17),(12,'distinctio',74),(13,'cupiditate',86),(14,'tempore',36),(15,'voluptatum',92),(16,'accusamus',38),(17,'veritatis',94),(18,'corporis',62),(19,'iure',39),(20,'qui',36),(21,'saepe',26),(22,'est',78),(23,'praesentium',82),(24,'labore',48),(25,'vero',51),(26,'amet',27),(27,'perspiciatis',92),(28,'voluptas',72),(29,'eius',82),(30,'modi',64),(31,'veritatis',10),(32,'ab',81),(33,'dolore',84),(34,'qui',84),(35,'laborum',75),(36,'velit',89),(37,'est',30),(38,'sed',89),(39,'atque',12),(40,'similique',76),(41,'possimus',77),(42,'eos',29),(43,'dolore',50),(44,'nesciunt',62),(45,'dolorem',65),(46,'sequi',41),(47,'et',99),(48,'facere',58),(49,'qui',2),(50,'sint',37),(51,'dolorem',94),(52,'et',27),(53,'rerum',15),(54,'amet',75),(55,'sit',75),(56,'totam',66),(57,'esse',2),(58,'saepe',67),(59,'qui',37),(60,'dolorem',83),(61,'voluptatem',30),(62,'nisi',47),(63,'consequatur',64),(64,'sed',13),(65,'eum',31),(66,'temporibus',38),(67,'quas',2),(68,'saepe',60),(69,'eligendi',27),(70,'voluptas',14),(71,'quisquam',36),(72,'voluptas',3),(73,'rerum',42),(74,'magnam',85),(75,'odio',65),(76,'laborum',6),(77,'molestiae',26),(78,'incidunt',63),(79,'architecto',64),(80,'alias',27),(81,'et',100),(82,'vel',57),(83,'aut',54),(84,'non',14),(85,'ducimus',32),(86,'minima',29),(87,'aut',79),(88,'eos',33),(89,'non',95),(90,'dicta',16),(91,'occaecati',16),(92,'iusto',25),(93,'est',63),(94,'nihil',79),(95,'sint',37),(96,'accusamus',93),(97,'tenetur',17),(98,'eum',39),(99,'eum',53),(100,'illo',43);
/*!40000 ALTER TABLE `communities` ENABLE KEYS */;
UNLOCK TABLES;

--
-- Table structure for table `friend_requests`
--

DROP TABLE IF EXISTS `friend_requests`;
/*!40101 SET @saved_cs_client     = @@character_set_client */;
 SET character_set_client = utf8mb4 ;
CREATE TABLE `friend_requests` (
  `from_user_id` int NOT NULL,
  `to_user_id` int NOT NULL,
  `status` tinyint unsigned NOT NULL COMMENT 'статус: 0 - запрос, 1 - подтвержден, 2 - отклонен',
  PRIMARY KEY (`from_user_id`,`to_user_id`),
  KEY `fk_friend_requests_users1_idx` (`from_user_id`),
  KEY `fk_friend_requests_users2_idx` (`to_user_id`),
  CONSTRAINT `fk_friend_requests_users1` FOREIGN KEY (`from_user_id`) REFERENCES `users` (`id`),
  CONSTRAINT `fk_friend_requests_users2` FOREIGN KEY (`to_user_id`) REFERENCES `users` (`id`)
) ENGINE=InnoDB DEFAULT CHARSET=utf8mb4 COLLATE=utf8mb4_0900_ai_ci;
/*!40101 SET character_set_client = @saved_cs_client */;

--
-- Dumping data for table `friend_requests`
--

LOCK TABLES `friend_requests` WRITE;
/*!40000 ALTER TABLE `friend_requests` DISABLE KEYS */;
INSERT INTO `friend_requests` VALUES (2,77,0),(3,41,0),(4,2,1),(4,3,2),(4,39,2),(4,50,0),(6,37,2),(7,4,1),(7,52,0),(11,67,0),(11,73,1),(12,43,0),(12,79,1),(15,26,2),(15,65,1),(17,42,0),(19,1,0),(19,24,0),(19,41,2),(20,65,1),(21,18,2),(21,33,0),(22,3,2),(22,79,1),(23,66,1),(23,96,1),(23,100,1),(26,61,0),(28,16,0),(29,18,0),(30,18,1),(31,91,0),(33,19,2),(36,91,0),(38,22,2),(38,47,0),(39,47,2),(39,53,0),(40,21,2),(40,39,1),(41,89,1),(42,32,0),(43,9,1),(44,16,1),(44,68,1),(45,26,2),(45,28,1),(45,56,0),(45,94,0),(49,35,0),(51,47,0),(51,82,1),(52,43,2),(52,71,1),(52,81,0),(53,44,2),(54,83,1),(55,50,2),(56,99,1),(57,58,1),(59,10,0),(60,35,0),(60,40,2),(60,48,0),(60,56,0),(61,25,0),(63,96,0),(64,44,2),(68,64,0),(69,66,0),(71,40,1),(73,39,1),(73,86,2),(74,83,1),(75,41,2),(76,26,1),(77,97,0),(79,60,0),(80,80,2),(80,96,2),(83,45,1),(84,27,1),(84,96,0),(85,33,0),(88,43,0),(89,4,2),(89,25,1),(89,95,0),(90,36,2),(91,13,2),(92,98,0),(93,40,0),(93,64,2),(94,74,0),(94,78,0),(95,16,0),(96,16,1),(96,85,0),(97,14,0),(99,11,2);
/*!40000 ALTER TABLE `friend_requests` ENABLE KEYS */;
UNLOCK TABLES;

--
-- Table structure for table `media`
--

DROP TABLE IF EXISTS `media`;
/*!40101 SET @saved_cs_client     = @@character_set_client */;
 SET character_set_client = utf8mb4 ;
CREATE TABLE `media` (
  `id` int NOT NULL AUTO_INCREMENT,
  `media_type_id` int NOT NULL,
  `text` text,
  `file` blob COMMENT '/files/img/01.jpg',
  `size` int DEFAULT NULL,
  `metadata` json DEFAULT NULL,
  PRIMARY KEY (`id`),
  KEY `fk_media_media_types1_idx` (`media_type_id`),
  CONSTRAINT `fk_media_media_types1` FOREIGN KEY (`media_type_id`) REFERENCES `media_types` (`id`)
) ENGINE=InnoDB AUTO_INCREMENT=101 DEFAULT CHARSET=utf8mb4 COLLATE=utf8mb4_0900_ai_ci;
/*!40101 SET character_set_client = @saved_cs_client */;

--
-- Dumping data for table `media`
--

LOCK TABLES `media` WRITE;
/*!40000 ALTER TABLE `media` DISABLE KEYS */;
INSERT INTO `media` VALUES (1,4,'Eveniet voluptatem sunt rerum repudiandae aut numquam. Itaque voluptatem laboriosam est temporibus. Soluta illo minima doloremque. Doloribus placeat ut eum officia. Quia est facere ut aperiam.',NULL,7,NULL),(2,3,'Quae non sapiente ut natus porro unde. Cum et qui sit deserunt. Ipsam unde dolor consequatur ut voluptas. Quo voluptatibus alias sint harum. Rerum veritatis et sapiente eveniet.',NULL,4,NULL),(3,3,'Non ratione repudiandae molestias quos id dolorem. Labore molestias laborum et in. Ducimus aut alias molestiae aut sed dolor. Eius ut a ullam. Sit dolor facere quia autem.',NULL,714103910,NULL),(4,1,'Laborum ut et et aut consequatur pariatur. Impedit officiis minima ut sequi cum nihil. Veniam consequatur voluptatum quae eaque error maxime. In voluptatem quia hic.',NULL,28048876,NULL),(5,3,'Laboriosam accusantium voluptatem magni quo. Neque nihil minima autem et blanditiis aliquid. Et autem atque quis cum enim mollitia. Sint quo quo voluptatibus consequuntur quis in.',NULL,3585091,NULL),(6,4,'Possimus veritatis totam quis at deserunt officia. Accusamus officia aliquam est et libero id illum. Molestiae non quia eveniet labore aspernatur omnis omnis.',NULL,0,NULL),(7,4,'Nostrum modi totam non aut aut. Eum ea ea hic ea qui voluptas. Eveniet labore unde aut consequatur voluptas est magnam. Tempora unde at doloribus ut.',NULL,1191,NULL),(8,2,'Molestiae perspiciatis similique illum distinctio enim eligendi. Eaque facilis veritatis reiciendis officiis id aperiam. Fuga quisquam architecto omnis aut eaque eos qui.',NULL,857780580,NULL),(9,3,'Vero molestiae blanditiis accusamus nihil assumenda. In voluptatum voluptas rem atque quaerat aut. Veritatis illo ut nam corrupti.',NULL,0,NULL),(10,1,'Quis nemo ipsum laboriosam officia. Illum odio sapiente numquam ut autem. Voluptatem corrupti nisi qui. Eligendi ipsam similique sit. Voluptatem labore cumque error architecto eos sit.',NULL,39,NULL),(11,1,'Et est rerum veniam id fugiat. Consequatur eveniet ad quisquam tenetur. Temporibus dicta repudiandae accusantium libero.',NULL,7452622,NULL),(12,4,'Ut natus eum magnam reiciendis voluptatem eos accusamus sequi. Dicta et quia maxime reprehenderit. Neque tempore dolorem laborum et.',NULL,0,NULL),(13,3,'Illo incidunt eius voluptas non velit. Officia sequi omnis quia ipsum quae. Culpa ab excepturi et ab. Dolor soluta excepturi quas dolor sit labore.',NULL,516768,NULL),(14,3,'Molestias consectetur mollitia et molestias quod cumque. Inventore omnis atque et autem amet doloremque. Excepturi tempora quaerat voluptatum iusto commodi.',NULL,8439,NULL),(15,1,'Porro pariatur ex et reiciendis assumenda veritatis. Qui quia aliquid quasi. Enim quos perferendis perspiciatis eaque. Sapiente totam dolor rerum vel nemo quae.',NULL,4506,NULL),(16,3,'Voluptatum reiciendis dolor quo beatae id inventore. Ratione aut voluptatem officiis et voluptatibus fuga tenetur. Et soluta esse quos quam est quae consequuntur vero.',NULL,7972,NULL),(17,1,'Recusandae qui magni eos nihil dolores. Ut molestiae facilis amet assumenda. Sint qui dolorem consequuntur rerum.',NULL,60461,NULL),(18,2,'Reiciendis et expedita error. Quos doloremque voluptates velit tempore ipsum. Sit veritatis qui vel optio. Sint ut sit facere.',NULL,945696996,NULL),(19,2,'Ab laudantium numquam explicabo eos dolorum ipsa. Doloribus ratione provident nisi. Non quaerat est recusandae et quibusdam voluptas.',NULL,53,NULL),(20,1,'Quidem assumenda repudiandae rerum tempora delectus tempora. Aut cumque adipisci laudantium nihil iste non eum. Adipisci omnis ea id hic. Et qui ducimus hic magni.',NULL,3,NULL),(21,4,'Odit doloribus ea ducimus. Soluta fugit labore illum provident error non. Sed nam voluptatibus assumenda voluptate incidunt rem. Officia nemo ut eum temporibus.',NULL,8,NULL),(22,4,'Eos quo doloremque fuga distinctio molestiae quia. Dolore non odit totam aut. Aut omnis eaque et in assumenda. Perspiciatis libero illo omnis error. Nihil quae explicabo velit.',NULL,88434941,NULL),(23,3,'Architecto et eos cum voluptas. Rem earum alias quasi et quisquam. Modi at quae at aut sint non. Eum voluptatem tenetur facere blanditiis.',NULL,3785032,NULL),(24,3,'Animi asperiores ipsam quis quos voluptatem doloremque. Dolorum voluptatibus sequi exercitationem aut hic. Officiis ipsum autem nobis tempore ad incidunt.',NULL,96,NULL),(25,3,'Voluptas fugiat sequi repudiandae voluptatem nemo quo. Saepe iure et nostrum odio quibusdam blanditiis. Mollitia dolor officia ullam eos nulla mollitia.',NULL,861475,NULL),(26,1,'Qui quaerat esse necessitatibus suscipit et minima. Provident animi illo in quidem voluptatibus. Est ex ut neque quas. Est voluptate aut dolores nisi adipisci.',NULL,8,NULL),(27,4,'Est aut doloribus rerum ipsam. Molestias debitis voluptas sit perspiciatis voluptatem cum ea.',NULL,5162999,NULL),(28,2,'Tenetur tempore et nesciunt omnis. Fugiat non saepe unde et. Nesciunt optio temporibus reiciendis rem voluptatem sit consequatur.',NULL,0,NULL),(29,3,'Est ullam eveniet rerum a alias. Expedita quibusdam aut molestias aperiam quas voluptatum voluptatibus inventore. Tempore consequuntur ullam facere praesentium illum et accusantium.',NULL,0,NULL),(30,4,'Culpa sit commodi fuga voluptatem ut. Atque repudiandae earum iusto explicabo velit. Nobis nihil nihil minima ipsa rerum ut quo.',NULL,867474,NULL),(31,1,'Asperiores consequatur et esse aperiam voluptatem sint sequi. Voluptates nihil enim corrupti. Reiciendis velit deserunt culpa ut nostrum cupiditate veritatis aperiam.',NULL,3075477,NULL),(32,2,'Possimus adipisci quos fugiat dolorum molestias. Eos magnam quos illo aut ullam. Natus dolor nemo hic eveniet et. Alias saepe sed nulla et ullam nihil delectus natus.',NULL,756,NULL),(33,3,'Cupiditate omnis veniam ut laudantium. Harum pariatur quibusdam vel facere nam. Laboriosam alias est vitae temporibus deserunt dignissimos.',NULL,21011,NULL),(34,3,'Fugiat asperiores ut dolorem ea. Ut dolores dolores enim quis autem qui.',NULL,2638372,NULL),(35,3,'Molestias et et molestiae est. Nisi quod ut ut minima. Quod quo sequi nesciunt expedita quis amet laborum. Quisquam dicta aspernatur tempore ut similique.',NULL,527,NULL),(36,1,'Architecto optio eum autem optio occaecati. Eos perspiciatis aliquam excepturi mollitia aliquam autem provident. Quia exercitationem impedit dolor voluptates.',NULL,768771,NULL),(37,2,'Distinctio eos eum rerum tempora natus. Ea enim officiis voluptatem labore dolore illum aspernatur. Qui aliquid voluptatem iusto voluptatibus ea officiis.',NULL,407,NULL),(38,2,'Error consequatur ex tempore hic quis autem reprehenderit. Ea natus officia illo officia velit. Reiciendis impedit mollitia pariatur libero explicabo debitis.',NULL,66,NULL),(39,3,'Maiores veritatis atque est quo nihil pariatur. Est itaque qui temporibus aut voluptates ut provident et. Optio autem eos praesentium et aut cumque. Ullam sapiente quos voluptatem aut inventore.',NULL,4,NULL),(40,4,'Eligendi optio molestiae fugit ut voluptatem. Distinctio sed ut aut eum. Rerum et mollitia eaque recusandae enim harum excepturi. Rerum nihil cumque facilis incidunt ex aut.',NULL,7,NULL),(41,3,'Totam inventore laudantium quo rerum eaque. Est ut blanditiis similique. Consequatur beatae qui eum totam provident aut. Explicabo ducimus voluptatum repellendus voluptas dolorem aperiam incidunt.',NULL,2,NULL),(42,4,'Dolore esse blanditiis assumenda. Quia quis enim dolorem modi incidunt sunt. Eum voluptas repellat ex quia animi.',NULL,247963,NULL),(43,4,'Nisi possimus qui eum aut. Enim tempora neque magni ex maiores libero sit. Consequatur error voluptates amet sed.',NULL,294,NULL),(44,1,'Alias sit maiores id quia sed velit. Nisi totam fuga expedita qui dolorum eos. Sit ratione unde laboriosam praesentium ea pariatur voluptatem amet.',NULL,85,NULL),(45,2,'Quod eum aut voluptate magni adipisci. Nostrum neque eligendi enim ullam beatae. Ea ea non iusto.',NULL,249,NULL),(46,4,'Nihil nam veniam omnis consequuntur magni. Possimus amet praesentium quia molestias quaerat architecto. Laborum totam voluptatem fugit.',NULL,4012,NULL),(47,3,'Quaerat nobis ut quis maxime. Officia iste dolorum soluta vel. Velit impedit aut fugit provident vel.',NULL,3704,NULL),(48,2,'Deleniti quas nam corporis sed ullam. Non autem quibusdam voluptatem. Eum voluptas possimus nesciunt dolores soluta eos vitae.',NULL,955279526,NULL),(49,2,'Ducimus cum unde enim eum dolorem voluptatem. Voluptas modi laborum recusandae fugiat. Sequi consequatur ea fugiat hic et libero. Earum voluptatum explicabo soluta itaque tempora saepe rem.',NULL,8,NULL),(50,1,'Expedita rerum dolor perspiciatis optio non. Consequatur odio similique mollitia odio consequuntur laudantium dolore. Eligendi numquam consequatur provident eos dolores libero nisi reprehenderit.',NULL,449785,NULL),(51,2,'Quos nihil eum quia praesentium voluptatum. In voluptatibus labore commodi officia ut. Consequatur neque fugit neque est voluptas sapiente accusamus exercitationem.',NULL,7821221,NULL),(52,2,'Et fugit quam aut nostrum doloribus alias et. Qui iste dolorem voluptas debitis modi sit explicabo. Ut dolorum rem asperiores doloribus aliquam neque porro repudiandae.',NULL,0,NULL),(53,1,'Incidunt qui quaerat ipsa libero dolorem. Est et exercitationem ipsam rem eum esse blanditiis.',NULL,7757659,NULL),(54,1,'Corrupti mollitia reiciendis accusantium cum odio vitae. Molestiae mollitia minima omnis officiis a. Iure est ipsam at et id. Necessitatibus vel sed sint iure consequuntur perspiciatis.',NULL,362111,NULL),(55,4,'Qui odio occaecati omnis dolor praesentium ut et distinctio. Vitae laudantium exercitationem et molestiae quos. Nulla ad aut vero repudiandae voluptatem. Et repudiandae atque dolor ad et.',NULL,35424126,NULL),(56,4,'Nisi architecto sunt quo qui et ut. Et quas ea nemo tempora est et. Soluta similique quae dolor eligendi expedita corporis. Et sed esse eum autem vero recusandae.',NULL,0,NULL),(57,1,'Tempore rerum incidunt adipisci ab ratione quibusdam a. Id porro occaecati repellat nostrum. Quaerat labore soluta quam. Quia beatae enim corrupti aliquam dolor error.',NULL,70,NULL),(58,4,'Placeat et libero odio dolorem. Deserunt id vero nisi rem. Magnam aut ullam quia quia eum.',NULL,7263,NULL),(59,1,'Quia tenetur qui aut eum adipisci iste ab sint. Numquam occaecati consequatur sapiente praesentium odit. Et deleniti molestias voluptatem est impedit.',NULL,557,NULL),(60,4,'Placeat minima aliquid nemo. Voluptas ut omnis delectus neque autem. Optio excepturi impedit alias.\nQuidem enim qui dolore. Itaque error qui dolorum. Assumenda ut iure quam ut quaerat iure maxime.',NULL,9211,NULL),(61,3,'Accusantium aut rerum harum et excepturi soluta earum. Odio dolore enim deserunt animi sed expedita.',NULL,561,NULL),(62,1,'Error neque autem eligendi aperiam. Rerum aut necessitatibus aliquid quidem pariatur.',NULL,0,NULL),(63,2,'Voluptate expedita dolor ratione doloremque aut quae. Doloribus sequi vitae molestiae soluta ducimus voluptas. Eaque assumenda et eligendi quo voluptas delectus numquam.',NULL,55,NULL),(64,2,'Facere sint dolor facere deserunt aperiam repellendus aut. Ducimus est nostrum sint similique. Laboriosam a optio est dolores et harum esse. Deserunt molestiae eos sit et.',NULL,7,NULL),(65,3,'Fugit eum sequi repudiandae ad laudantium. Perferendis dolor distinctio sit facere nisi. Magni architecto suscipit nobis id temporibus placeat et.',NULL,25739,NULL),(66,4,'Aut nam repellat voluptas. Quo autem officiis accusamus tempore est minus dolore laboriosam. Doloribus consequuntur quo ipsum et.',NULL,5,NULL),(67,3,'Vitae labore ab accusantium excepturi autem. Velit enim ut enim et eum ipsa et. Est occaecati aut quia nam et exercitationem nam.',NULL,9240,NULL),(68,1,'Voluptatem illo quasi expedita ex ipsa. Quasi numquam sunt reprehenderit eaque facilis. Reprehenderit necessitatibus soluta consectetur aut. Veniam eveniet odio dolor a ducimus voluptatibus.',NULL,6243749,NULL),(69,1,'Distinctio qui pariatur assumenda amet aut ut architecto. Vel odit quia ipsum eos quam. Rerum error numquam inventore distinctio ea omnis quam. Suscipit placeat sunt quod ad magnam odit.',NULL,36874,NULL),(70,1,'Illo et porro itaque et rerum dicta. Autem id cupiditate quia possimus provident laudantium asperiores. Ratione placeat sit dolor dolorum autem. Quasi et animi consequuntur.',NULL,86,NULL),(71,1,'Et ut incidunt et ut odit et. Enim soluta et omnis voluptate qui dolor. Eos quidem cumque autem voluptatem commodi recusandae iure. Veritatis odit et expedita voluptatem sint.',NULL,106,NULL),(72,3,'Voluptatibus laboriosam molestias adipisci. Enim accusamus nisi voluptatem. Dicta quam nisi eveniet molestias harum expedita voluptatem. Molestias rerum quam hic sed.',NULL,770663,NULL),(73,4,'Quo laudantium cum iure temporibus debitis. Magni eveniet magni ut quis corrupti aut consequatur non. Nemo quos omnis rem voluptatem.',NULL,33239,NULL),(74,4,'Eaque in ullam minima minima temporibus impedit aut. Qui quae asperiores nihil sunt itaque necessitatibus. Autem aut est in repudiandae tempore esse amet voluptates.',NULL,8734,NULL),(75,4,'Qui numquam a deserunt nemo. Dolor nesciunt reprehenderit inventore facere. Est et optio veniam est minima doloribus quam. Qui neque dolore incidunt delectus repellat qui.',NULL,2446,NULL),(76,1,'Dolor consequuntur sit vitae labore dolorem error cum. Possimus veritatis voluptatem sunt rerum. Incidunt tempore nostrum eum perspiciatis non sit.',NULL,28051919,NULL),(77,4,'Harum laudantium qui et excepturi eos. Debitis voluptatem et omnis rerum qui occaecati. Ratione omnis ipsum voluptatibus doloremque porro ex in.',NULL,393,NULL),(78,3,'Delectus enim quidem dignissimos doloremque ut. Delectus perferendis totam nesciunt quae dolores. Ipsam nostrum aut odio omnis non in magnam.',NULL,0,NULL),(79,3,'Maxime qui non quis ratione sit et. Ut modi laudantium excepturi dolore ab voluptatem consequatur. Quia est consequatur vitae ex enim. Hic totam fuga et perferendis maiores consequatur.',NULL,0,NULL),(80,2,'Magni maxime dolores laudantium et et blanditiis. Modi perspiciatis doloribus libero fuga sunt.',NULL,794,NULL),(81,4,'Illum repellendus omnis sint. Tempora itaque asperiores qui ex. Id nostrum voluptas dolores maiores dolorem. Quasi debitis aperiam eius.',NULL,6579445,NULL),(82,4,'Perspiciatis quis distinctio illum dolor dolorem. Omnis sunt molestias incidunt aliquam est dolores occaecati. Sed qui consequatur et accusamus fugit occaecati facere.',NULL,0,NULL),(83,3,'Rerum quisquam quae odio ex corporis accusamus quibusdam. Tenetur quo sit a id aut neque. Nulla molestiae rerum ut sint. Voluptates quia id delectus sunt dolor.',NULL,9815,NULL),(84,1,'Iste maxime nisi quo magnam sed rem ipsa. Praesentium dolor minima assumenda similique voluptatem. Vero neque vitae quasi optio corrupti.',NULL,0,NULL),(85,1,'Porro voluptatem nostrum saepe magni perspiciatis perspiciatis et. Reiciendis quibusdam recusandae nobis numquam. Nostrum et iste quasi debitis. Et accusantium velit voluptas vitae soluta.',NULL,399,NULL),(86,3,'Et enim quos ut quo. Provident saepe consequatur fugit similique. Illo quod cumque sed doloremque. Fugiat esse porro dolor soluta tenetur.',NULL,10116393,NULL),(87,4,'Ut atque omnis est tempora voluptatem qui est. Quasi hic ab quasi velit quia. Impedit quia enim molestiae corporis dolores optio sint qui. Ipsum quia qui fugiat autem.',NULL,52887799,NULL),(88,1,'Non ex dolorum cupiditate dolor quis impedit ex. Fugit qui dolore et quia enim. Qui nihil maxime molestiae vel maxime et. Rerum sed natus corporis velit.',NULL,4,NULL),(89,2,'Quam et sunt quia non totam ratione magnam enim. Cumque rerum quod soluta voluptas praesentium officiis. Debitis sed ipsam ut nostrum. Nemo dolores porro quia minima maiores cupiditate.',NULL,0,NULL),(90,4,'Omnis et voluptas aut id sit quidem. Quisquam vero totam officiis. Praesentium veritatis ut provident et.',NULL,6,NULL),(91,1,'Rem repudiandae mollitia repellat in non quo quia. Dicta possimus dolor officiis maxime accusamus sapiente. Sunt est qui cupiditate laboriosam impedit modi.',NULL,0,NULL),(92,1,'Deserunt asperiores fuga tenetur sequi amet molestiae. Quae totam iure perspiciatis facilis et sit maiores. Ut eius molestiae cumque dolorum.',NULL,2417703,NULL),(93,4,'Dolores illo rerum sapiente atque similique illo. Alias deleniti qui optio amet tempora a. Amet commodi delectus dolores esse est laudantium.',NULL,60330131,NULL),(94,2,'Nam ut eius modi sequi dolore. Quos incidunt animi et magnam error. Sunt iure recusandae blanditiis.\nFuga dolorum non et enim. Dolores et enim qui dignissimos natus veniam. Rem eos voluptatem dolor.',NULL,149815,NULL),(95,2,'Commodi impedit amet sequi explicabo rerum. In ut qui sed et sed sint iste. Dolor modi repellendus consequatur odio modi animi numquam. Praesentium vel reiciendis et eum.',NULL,621,NULL),(96,3,'Facere accusamus porro consequuntur laboriosam libero aut illo omnis. Tempore fugiat molestiae fugiat ad. Et recusandae dolores reprehenderit ut similique voluptas.',NULL,29,NULL),(97,1,'Adipisci quibusdam quos est quia repellat sint. Impedit totam quae eveniet sed ut. Doloribus explicabo voluptas delectus cum dicta doloribus. Esse nesciunt qui quibusdam.',NULL,67,NULL),(98,4,'Labore cumque omnis voluptatem eveniet odio. Aut pariatur tempora nihil reiciendis et sunt veniam vel. Fugiat quia qui vitae doloremque molestias repellendus quo autem.',NULL,39,NULL),(99,4,'Eum autem distinctio fugit ipsum. Sequi ipsam sint et eum quisquam adipisci architecto qui. Iusto quam libero sapiente repellat.',NULL,64931,NULL),(100,2,'Neque rerum velit illo error dolorem voluptas voluptatem. Adipisci voluptas aut vero ad architecto incidunt. Animi velit repellendus dolor.',NULL,913939664,NULL);
/*!40000 ALTER TABLE `media` ENABLE KEYS */;
UNLOCK TABLES;

--
-- Table structure for table `media_types`
--

DROP TABLE IF EXISTS `media_types`;
/*!40101 SET @saved_cs_client     = @@character_set_client */;
 SET character_set_client = utf8mb4 ;
CREATE TABLE `media_types` (
  `id` int NOT NULL AUTO_INCREMENT,
  `name` varchar(245) NOT NULL,
  PRIMARY KEY (`id`)
) ENGINE=InnoDB AUTO_INCREMENT=5 DEFAULT CHARSET=utf8mb4 COLLATE=utf8mb4_0900_ai_ci;
/*!40101 SET character_set_client = @saved_cs_client */;

--
-- Dumping data for table `media_types`
--

LOCK TABLES `media_types` WRITE;
/*!40000 ALTER TABLE `media_types` DISABLE KEYS */;
INSERT INTO `media_types` VALUES (1,'image'),(2,' audio'),(3,' video'),(4,' document');
/*!40000 ALTER TABLE `media_types` ENABLE KEYS */;
UNLOCK TABLES;

--
-- Table structure for table `messages`
--

DROP TABLE IF EXISTS `messages`;
/*!40101 SET @saved_cs_client     = @@character_set_client */;
 SET character_set_client = utf8mb4 ;
CREATE TABLE `messages` (
  `id` int NOT NULL AUTO_INCREMENT,
  `from_user_id` int NOT NULL,
  `to_user_id` int NOT NULL,
  `text` text NOT NULL,
  `created_at` datetime NOT NULL DEFAULT CURRENT_TIMESTAMP,
  PRIMARY KEY (`id`),
  KEY `fk_messages_users1_idx` (`from_user_id`),
  KEY `fk_messages_users2_idx` (`to_user_id`),
  CONSTRAINT `fk_messages_users1` FOREIGN KEY (`from_user_id`) REFERENCES `users` (`id`),
  CONSTRAINT `fk_messages_users2` FOREIGN KEY (`to_user_id`) REFERENCES `users` (`id`)
) ENGINE=InnoDB AUTO_INCREMENT=101 DEFAULT CHARSET=utf8mb4 COLLATE=utf8mb4_0900_ai_ci;
/*!40101 SET character_set_client = @saved_cs_client */;

--
-- Dumping data for table `messages`
--

LOCK TABLES `messages` WRITE;
/*!40000 ALTER TABLE `messages` DISABLE KEYS */;
INSERT INTO `messages` VALUES (1,51,14,'Quas consequuntur placeat accusamus error alias culpa.','2011-09-18 11:49:08'),(2,44,88,'Dolor alias ea autem voluptates rerum fugit.','2020-02-28 05:36:43'),(3,49,30,'Corrupti ipsa delectus rem quasi.','1979-12-07 12:58:05'),(4,22,57,'Ratione a voluptatibus quasi.','1974-12-13 21:56:01'),(5,85,64,'Et facilis sit non ut.','2014-04-29 01:19:46'),(6,83,75,'Eius iusto quis et officiis.','1987-01-06 03:16:34'),(7,18,26,'Fugiat laborum accusamus reprehenderit voluptas dolorem omnis.','1987-01-20 04:19:32'),(8,48,45,'Sed ut asperiores quaerat et possimus consectetur.','1976-04-25 10:49:52'),(9,16,85,'Non et nesciunt suscipit inventore.','2012-08-14 09:12:53'),(10,36,66,'Placeat sint consequuntur rem ipsam.','1970-01-08 12:06:32'),(11,29,2,'Amet non aut quibusdam esse blanditiis ut officiis vel.','1994-03-21 03:36:52'),(12,64,26,'Ut optio dicta est molestias.','1980-06-04 01:18:12'),(13,46,81,'Velit ut velit sunt sed consequatur.','1999-07-06 10:32:39'),(14,100,21,'Aliquid non similique quod enim sed mollitia.','1973-07-14 12:37:12'),(15,32,2,'Nisi sapiente iusto illum cumque voluptatum facilis sit.','1982-06-06 11:15:26'),(16,35,83,'Unde autem qui quia soluta.','1994-05-10 23:04:03'),(17,15,78,'Non et quisquam soluta voluptas molestias.','1991-08-20 13:08:00'),(18,70,64,'Sit qui in quo corrupti.','1974-02-16 05:45:09'),(19,7,91,'Ut quidem magni deleniti nihil.','2011-08-14 10:26:35'),(20,20,92,'Expedita et id blanditiis sunt non quisquam unde architecto.','1989-08-19 08:49:52'),(21,55,2,'Dolores ad voluptatem illo suscipit rerum.','2005-04-30 23:52:59'),(22,66,72,'Et vitae eos voluptas facilis quos velit minima.','2003-12-09 14:28:03'),(23,27,14,'Iure aliquam eaque dolor quae.','2001-05-19 05:09:42'),(24,17,42,'Vel exercitationem corrupti earum sit aut commodi optio.','1981-06-01 11:00:02'),(25,98,52,'Vel molestiae sit ipsum assumenda est quis quis vel.','1994-08-21 17:29:02'),(26,8,27,'Et quod et non amet sint.','2009-03-28 17:33:22'),(27,54,71,'Possimus ea voluptates et voluptas.','1991-04-19 09:51:31'),(28,52,99,'Quia non occaecati sit dolorem enim rem optio.','1986-06-14 16:37:48'),(29,51,52,'Porro enim aut voluptate aliquid.','2013-05-14 08:16:34'),(30,20,83,'Odio quia enim quos omnis et natus odit.','2012-03-14 13:30:48'),(31,53,54,'Error qui error deleniti unde dolor illo.','1972-05-23 15:51:52'),(32,66,68,'Provident nesciunt repellat aut est.','2001-03-10 19:09:46'),(33,32,35,'Accusantium unde dolor et et dignissimos eius.','1986-10-27 21:33:35'),(34,31,38,'Ut ullam consequatur ipsum maiores ut culpa.','1983-05-04 18:03:16'),(35,26,50,'Quod nesciunt neque consequuntur non et magni eligendi.','1978-06-26 06:24:15'),(36,30,81,'Optio ipsum quam eius qui quo accusantium reprehenderit.','1971-07-08 05:13:33'),(37,51,96,'Vel odit natus iure.','1971-08-30 01:54:53'),(38,52,78,'Magni atque delectus exercitationem sequi optio.','1994-03-01 13:51:04'),(39,9,68,'Voluptas voluptas earum tempora consequuntur laboriosam accusantium sed.','2010-01-26 16:38:00'),(40,20,7,'Aut modi non hic blanditiis itaque quae quis ea.','2016-11-02 03:51:30'),(41,20,27,'Ducimus quia dicta consectetur velit temporibus enim.','1982-09-27 21:58:32'),(42,33,73,'Et optio suscipit eum optio.','2018-01-01 03:17:58'),(43,98,85,'Ipsum est soluta itaque facilis repellat impedit qui fuga.','2002-07-17 08:45:58'),(44,71,49,'Hic et dolores sapiente ipsum.','1991-02-09 10:34:26'),(45,36,90,'Molestias voluptatem molestiae rem quo.','2009-03-15 13:40:13'),(46,32,88,'Consequatur consequatur ad atque aspernatur natus voluptas cum.','1983-01-12 05:05:51'),(47,43,97,'Necessitatibus quod rerum rem velit.','1978-11-24 18:09:49'),(48,56,74,'Voluptas corrupti et qui.','1994-12-23 13:00:18'),(49,32,86,'Vel nemo voluptatem totam ratione similique iusto.','2010-12-24 07:55:06'),(50,12,57,'Recusandae modi tempore ullam perspiciatis aut exercitationem.','1978-11-09 11:14:42'),(51,35,42,'Quod totam fugiat dolor quaerat itaque aliquid.','1975-03-25 23:33:13'),(52,37,86,'Quas debitis ipsam error sit reiciendis rerum maxime.','1997-08-17 01:33:05'),(53,37,89,'Exercitationem eius aliquam pariatur aliquid eius.','1992-03-14 08:22:03'),(54,63,45,'Temporibus enim dolor velit sit laudantium eum.','1992-11-06 23:33:45'),(55,57,83,'Et nisi neque et iste.','1999-10-04 03:23:27'),(56,51,76,'Dignissimos quas et voluptatem minima aspernatur iusto quam.','1980-09-09 05:20:18'),(57,10,84,'Vero dolores exercitationem repellat enim dolorum voluptas.','2012-10-05 04:10:06'),(58,48,7,'Amet quos libero quia iure magnam qui velit ratione.','2009-06-28 01:34:00'),(59,68,19,'Eligendi distinctio voluptatum corrupti neque.','1978-12-06 00:03:02'),(60,55,4,'Et quia nostrum quia aperiam cumque voluptates.','1975-04-30 08:52:00'),(61,8,87,'Quo sit dolorum tempore qui veniam.','1980-12-22 09:01:45'),(62,92,51,'Ut necessitatibus eos quis suscipit reprehenderit nulla.','1982-07-15 04:22:11'),(63,83,47,'Quae et mollitia exercitationem consequuntur.','1992-05-17 05:32:34'),(64,25,14,'Cumque quidem velit voluptates vel.','1995-10-24 09:33:25'),(65,32,37,'Sint adipisci architecto earum quia ad.','1974-05-21 17:23:26'),(66,71,67,'Qui quidem eligendi voluptas nostrum voluptatem quis explicabo.','2016-05-25 09:08:50'),(67,78,7,'Ullam quis pariatur sed aut veritatis.','1983-06-30 05:09:48'),(68,52,14,'Et nisi voluptas quaerat atque ex totam voluptas ea.','2008-02-04 16:10:17'),(69,96,15,'Et dolorem inventore necessitatibus et suscipit voluptatem aspernatur vero.','2002-07-02 03:50:45'),(70,59,52,'Enim quae est est aliquam maxime dolores explicabo dignissimos.','1977-01-25 10:38:46'),(71,97,10,'Odio in quia illum sint.','1983-08-22 11:50:11'),(72,28,7,'Dolorum dolor dolore exercitationem distinctio optio recusandae.','2011-09-04 12:13:00'),(73,93,76,'Debitis dolore dolorem et voluptate.','1971-12-31 06:43:23'),(74,13,61,'Fuga placeat commodi sed veniam quia.','2020-08-14 20:49:36'),(75,94,68,'Deserunt perspiciatis doloremque rerum praesentium mollitia impedit.','1988-07-24 14:49:31'),(76,64,2,'Aut voluptatem veritatis atque dignissimos voluptate in.','1988-09-27 10:29:01'),(77,54,56,'Quisquam corporis eum architecto quo sit hic ea.','1987-05-13 20:34:19'),(78,52,37,'Quisquam officia fugit pariatur ut.','1977-02-10 15:10:33'),(79,2,77,'Doloribus recusandae et qui esse atque beatae.','1975-05-27 17:45:57'),(80,51,34,'Aut tempore adipisci tempora laborum assumenda voluptas et.','1972-04-03 02:10:34'),(81,13,21,'Commodi vel eaque laudantium iure odio quaerat.','1994-10-01 16:28:12'),(82,100,90,'Enim amet adipisci officiis vel nihil cum.','2012-06-06 22:23:51'),(83,28,51,'Tempora esse quia quia reiciendis expedita quibusdam voluptas.','1996-11-11 23:20:34'),(84,4,23,'Quam sapiente facere fugit temporibus.','2005-05-13 23:18:26'),(85,65,62,'Est sunt inventore voluptas aut autem dolores molestiae.','1989-02-08 15:19:25'),(86,74,62,'Et corrupti harum sed unde omnis commodi.','1986-07-16 03:37:39'),(87,71,2,'Facere animi voluptatibus voluptatibus voluptatibus in aut voluptatibus.','1984-03-15 02:23:57'),(88,68,63,'Et labore et aspernatur earum minima veniam enim repellat.','1996-06-26 06:03:30'),(89,77,81,'Laboriosam provident unde neque incidunt similique sunt culpa.','1990-07-19 05:03:45'),(90,24,70,'Omnis eius nulla et est sunt fugit sequi.','1993-03-05 12:04:05'),(91,48,88,'Nobis consequatur voluptates iusto aspernatur.','2006-12-16 13:14:08'),(92,71,2,'Eveniet repellat voluptates iste blanditiis quas velit necessitatibus.','1988-04-11 20:02:23'),(93,43,23,'Exercitationem magnam odit voluptas.','1973-11-26 13:24:03'),(94,39,44,'Soluta a quam voluptates dolor velit est rerum.','1974-06-09 14:12:16'),(95,100,89,'Dolorum vero ut est non expedita odio.','2005-06-23 05:06:53'),(96,77,12,'Saepe voluptatum beatae adipisci nesciunt.','2002-06-29 21:09:15'),(97,9,77,'Modi consequatur illo voluptatum tempore praesentium vel facere.','2017-12-31 01:10:22'),(98,2,36,'Et numquam non ea adipisci adipisci.','2017-12-22 12:40:59'),(99,27,5,'Pariatur repellendus debitis a itaque placeat nisi alias.','1984-08-14 10:26:03'),(100,59,92,'Molestiae quas ipsam quia ut autem velit aspernatur ullam.','1997-12-30 16:41:11');
/*!40000 ALTER TABLE `messages` ENABLE KEYS */;
UNLOCK TABLES;

--
-- Table structure for table `photo_albums`
--

DROP TABLE IF EXISTS `photo_albums`;
/*!40101 SET @saved_cs_client     = @@character_set_client */;
 SET character_set_client = utf8mb4 ;
CREATE TABLE `photo_albums` (
  `id` int NOT NULL AUTO_INCREMENT,
  `name` varchar(245) NOT NULL,
  `decs` text,
  `user_id` int NOT NULL,
  PRIMARY KEY (`id`),
  KEY `fk_photo_albums_users1_idx` (`user_id`),
  CONSTRAINT `fk_photo_albums_users1` FOREIGN KEY (`user_id`) REFERENCES `users` (`id`)
) ENGINE=InnoDB AUTO_INCREMENT=101 DEFAULT CHARSET=utf8mb4 COLLATE=utf8mb4_0900_ai_ci;
/*!40101 SET character_set_client = @saved_cs_client */;

--
-- Dumping data for table `photo_albums`
--

LOCK TABLES `photo_albums` WRITE;
/*!40000 ALTER TABLE `photo_albums` DISABLE KEYS */;
INSERT INTO `photo_albums` VALUES (1,'perferendis',NULL,1),(2,'numquam',NULL,2),(3,'harum',NULL,3),(4,'consequatur',NULL,4),(5,'molestiae',NULL,5),(6,'reiciendis',NULL,6),(7,'quaerat',NULL,7),(8,'unde',NULL,8),(9,'sint',NULL,9),(10,'perspiciatis',NULL,10),(11,'dolore',NULL,11),(12,'sequi',NULL,12),(13,'repellat',NULL,13),(14,'fugit',NULL,14),(15,'similique',NULL,15),(16,'alias',NULL,16),(17,'saepe',NULL,17),(18,'quia',NULL,18),(19,'laudantium',NULL,19),(20,'est',NULL,20),(21,'architecto',NULL,21),(22,'vitae',NULL,22),(23,'dolore',NULL,23),(24,'aut',NULL,24),(25,'quia',NULL,25),(26,'beatae',NULL,26),(27,'architecto',NULL,27),(28,'cumque',NULL,28),(29,'et',NULL,29),(30,'sunt',NULL,30),(31,'odio',NULL,31),(32,'iure',NULL,32),(33,'illum',NULL,33),(34,'et',NULL,34),(35,'officiis',NULL,35),(36,'aut',NULL,36),(37,'quo',NULL,37),(38,'praesentium',NULL,38),(39,'animi',NULL,39),(40,'adipisci',NULL,40),(41,'cumque',NULL,41),(42,'dolore',NULL,42),(43,'corporis',NULL,43),(44,'dignissimos',NULL,44),(45,'consequuntur',NULL,45),(46,'iusto',NULL,46),(47,'ut',NULL,47),(48,'ex',NULL,48),(49,'voluptatem',NULL,49),(50,'fugit',NULL,50),(51,'et',NULL,51),(52,'eaque',NULL,52),(53,'ex',NULL,53),(54,'sit',NULL,54),(55,'nulla',NULL,55),(56,'dolores',NULL,56),(57,'expedita',NULL,57),(58,'enim',NULL,58),(59,'eius',NULL,59),(60,'beatae',NULL,60),(61,'at',NULL,61),(62,'quam',NULL,62),(63,'quod',NULL,63),(64,'sit',NULL,64),(65,'quaerat',NULL,65),(66,'ea',NULL,66),(67,'vitae',NULL,67),(68,'rerum',NULL,68),(69,'consequatur',NULL,69),(70,'quia',NULL,70),(71,'aperiam',NULL,71),(72,'quia',NULL,72),(73,'ipsum',NULL,73),(74,'perspiciatis',NULL,74),(75,'minus',NULL,75),(76,'quo',NULL,76),(77,'repellat',NULL,77),(78,'maiores',NULL,78),(79,'qui',NULL,79),(80,'odio',NULL,80),(81,'rerum',NULL,81),(82,'ea',NULL,82),(83,'cumque',NULL,83),(84,'explicabo',NULL,84),(85,'culpa',NULL,85),(86,'consequatur',NULL,86),(87,'sint',NULL,87),(88,'voluptatem',NULL,88),(89,'accusamus',NULL,89),(90,'omnis',NULL,90),(91,'porro',NULL,91),(92,'error',NULL,92),(93,'aperiam',NULL,93),(94,'laudantium',NULL,94),(95,'nulla',NULL,95),(96,'omnis',NULL,96),(97,'dolor',NULL,97),(98,'aut',NULL,98),(99,'mollitia',NULL,99),(100,'dolores',NULL,100);
/*!40000 ALTER TABLE `photo_albums` ENABLE KEYS */;
UNLOCK TABLES;

--
-- Table structure for table `photos`
--

DROP TABLE IF EXISTS `photos`;
/*!40101 SET @saved_cs_client     = @@character_set_client */;
 SET character_set_client = utf8mb4 ;
CREATE TABLE `photos` (
  `id` int NOT NULL,
  `album_id` int NOT NULL,
  `media_id` int NOT NULL,
  PRIMARY KEY (`id`),
  KEY `fk_photos_photo_albums1_idx` (`album_id`),
  KEY `fk_photos_media1_idx` (`media_id`),
  CONSTRAINT `fk_photos_media1` FOREIGN KEY (`media_id`) REFERENCES `media` (`id`),
  CONSTRAINT `fk_photos_photo_albums1` FOREIGN KEY (`album_id`) REFERENCES `photo_albums` (`id`)
) ENGINE=InnoDB DEFAULT CHARSET=utf8mb4 COLLATE=utf8mb4_0900_ai_ci;
/*!40101 SET character_set_client = @saved_cs_client */;

--
-- Dumping data for table `photos`
--

LOCK TABLES `photos` WRITE;
/*!40000 ALTER TABLE `photos` DISABLE KEYS */;
INSERT INTO `photos` VALUES (1,93,93),(2,37,37),(3,42,42),(4,68,68),(5,2,2),(6,11,11),(7,75,75),(8,73,73),(9,3,3),(10,53,53),(11,32,32),(12,56,56),(13,92,92),(14,21,21),(15,29,29),(16,35,35),(17,50,50),(18,26,26),(19,62,62),(20,88,88),(21,91,91),(22,43,43),(23,78,78),(24,54,54),(25,8,8),(26,19,19),(27,98,98),(28,24,24),(29,74,74),(30,31,31),(31,69,69),(32,30,30),(33,5,5),(34,89,89),(35,9,9),(36,15,15),(37,16,16),(38,82,82),(39,20,20),(40,10,10),(41,51,51),(42,33,33),(43,18,18),(44,97,97),(45,87,87),(46,99,99),(47,59,59),(48,17,17),(49,34,34),(50,60,60),(51,47,47),(52,96,96),(53,80,80),(54,6,6),(55,38,38),(56,79,79),(57,39,39),(58,25,25),(59,70,70),(60,4,4),(61,77,77),(62,41,41),(63,49,49),(64,7,7),(65,44,44),(66,58,58),(67,86,86),(68,67,67),(69,81,81),(70,76,76),(71,94,94),(72,55,55),(73,61,61),(74,84,84),(75,71,71),(76,48,48),(77,90,90),(78,14,14),(79,72,72),(80,63,63),(81,36,36),(82,57,57),(83,65,65),(84,64,64),(85,83,83),(86,40,40),(87,1,1),(88,13,13),(89,46,46),(90,95,95),(91,23,23),(92,22,22),(93,52,52),(94,100,100),(95,27,27),(96,12,12),(97,28,28),(98,45,45),(99,85,85),(100,66,66);
/*!40000 ALTER TABLE `photos` ENABLE KEYS */;
UNLOCK TABLES;

--
-- Table structure for table `profiles`
--

DROP TABLE IF EXISTS `profiles`;
/*!40101 SET @saved_cs_client     = @@character_set_client */;
 SET character_set_client = utf8mb4 ;
CREATE TABLE `profiles` (
  `users_id` int NOT NULL,
  `gender` enum('m','f','x') NOT NULL,
  `birthday` date NOT NULL,
  `location` varchar(245) DEFAULT NULL,
  `created_at` datetime NOT NULL DEFAULT CURRENT_TIMESTAMP,
  PRIMARY KEY (`users_id`),
  KEY `fk_profiles_users_idx` (`users_id`),
  CONSTRAINT `fk_profiles_users` FOREIGN KEY (`users_id`) REFERENCES `users` (`id`)
) ENGINE=InnoDB DEFAULT CHARSET=utf8mb4 COLLATE=utf8mb4_0900_ai_ci;
/*!40101 SET character_set_client = @saved_cs_client */;

--
-- Dumping data for table `profiles`
--

LOCK TABLES `profiles` WRITE;
/*!40000 ALTER TABLE `profiles` DISABLE KEYS */;
INSERT INTO `profiles` VALUES (1,'x','1981-09-13','5369 Joey Burg Suite 577\nLake Cary, AZ 86907-8058','1983-02-09 11:31:27'),(2,'x','2002-04-24','63151 Senger Brooks Apt. 789\nJofurt, MI 40561','2018-03-16 23:19:28'),(3,'m','1983-03-23','144 Doyle Lodge\nPouroston, MS 25988-5149','2004-08-25 04:49:32'),(4,'m','1973-12-04','7035 Pierre Flats Apt. 440\nEast Darrellhaven, MO 16881','2016-03-02 22:03:52'),(5,'x','2016-10-17','1709 Waelchi Streets\nAlysaland, NC 46799','1999-12-14 13:15:58'),(6,'m','2017-02-12','10374 Kiehn Crossroad\nEast Vladimir, PA 71572-5565','1972-05-11 01:38:59'),(7,'m','1981-06-26','144 Kulas Gateway Suite 177\nNorth Myrtis, NV 94932-1634','1971-10-11 18:25:46'),(8,'f','1974-07-06','7168 Mariela Manor\nKuhicbury, KS 69244-9235','2020-02-20 21:09:23'),(9,'x','2020-04-14','16310 White Trail Suite 006\nBodefurt, MD 23474','1973-12-12 00:15:00'),(10,'x','1986-05-25','99241 Marjorie Corner\nEast Saraiberg, WV 68499','1987-12-08 18:44:36'),(11,'x','2010-04-11','460 Nakia Groves Suite 940\nMonahanberg, MD 25627','1972-11-12 03:42:09'),(12,'x','1995-08-19','580 Jose Road\nFeilfort, OH 36631','2012-04-02 07:51:30'),(13,'f','2014-04-04','8658 Amelia Spring\nEphraimview, NH 28858-8028','2015-04-05 08:00:35'),(14,'f','2019-03-30','667 Jettie Ways Apt. 388\nYasminechester, NV 64925-2336','1990-08-22 10:31:25'),(15,'m','2003-11-25','49733 Mohr Springs\nPort Fatimastad, VT 15523-2306','1998-08-26 05:34:27'),(16,'m','1994-10-11','67992 Stokes Coves Suite 632\nPort Candiceview, MA 60552','2019-05-31 01:12:56'),(17,'f','1979-06-30','59318 Maye Ports Suite 665\nLake Brandynberg, VA 42596','1975-02-06 03:40:23'),(18,'x','1973-06-23','56137 Neil Oval Apt. 335\nNew Jamieport, WY 82375','1971-04-02 17:02:20'),(19,'x','2001-08-10','420 Bogan Mill\nPort Nathanielborough, SD 78470-3504','1986-12-26 09:41:18'),(20,'f','2013-02-18','5443 Dicki Prairie Suite 139\nHintzborough, IL 73119-4714','1976-04-20 23:44:37'),(21,'x','1986-09-10','524 Roberts Divide Apt. 691\nImogenechester, WI 43081','1978-06-11 12:22:53'),(22,'x','1990-02-24','69115 Marlee Lakes Suite 069\nAudrachester, MI 12637-6251','1980-03-18 00:24:39'),(23,'f','2019-10-10','244 Joe Roads\nWest Gretchenhaven, LA 86005-7395','1983-03-08 20:11:56'),(24,'m','1970-02-06','1066 Casimer Stravenue Suite 723\nWeststad, NJ 72885','2014-09-15 19:15:39'),(25,'x','1976-07-04','58483 Stroman Lights Apt. 893\nEast Vivian, PA 06982-9426','2005-11-29 07:17:44'),(26,'f','2012-11-08','376 Mina Cape Suite 279\nLake Laishashire, SC 90148','2018-10-12 14:39:24'),(27,'m','2008-08-25','721 Bergstrom Alley Apt. 011\nWest Lauryfort, UT 26561-7751','1979-01-16 23:23:08'),(28,'f','2002-05-26','1395 Adella Corners\nVeumville, DC 54959','2018-04-09 21:28:45'),(29,'x','2019-08-11','143 Kyra Streets\nAndersonburgh, FL 43748','2020-09-29 09:38:10'),(30,'m','2002-04-07','89832 Cooper Ports Suite 386\nNorth Rasheedfurt, CA 80292','1980-09-23 02:24:40'),(31,'x','1984-12-28','1892 Rogahn Spur Suite 395\nNew Elouisefurt, NY 49647','1990-05-14 00:50:48'),(32,'x','1998-07-10','09351 Trantow Springs\nSchmittland, CA 39447-2989','1985-12-23 11:58:24'),(33,'x','1976-07-13','63346 Ida Rue\nAshlyberg, MI 76282','2015-05-09 02:13:58'),(34,'x','1999-11-15','129 Harley Turnpike\nNew Kelleybury, DC 40422-9167','1982-12-03 01:03:47'),(35,'f','2016-03-30','1712 Misty Parkways Apt. 952\nLake Moshechester, IL 36678-3291','1988-11-27 07:27:56'),(36,'m','1997-02-27','6730 Breitenberg Spring\nOrinberg, MD 29675-5145','2020-07-01 04:08:24'),(37,'f','2001-12-27','34810 Osinski Turnpike Apt. 950\nNew Rickeyton, MS 68120-0322','1985-05-23 18:07:25'),(38,'m','1989-11-10','868 Lubowitz Unions Apt. 410\nWest Kendrickfort, KS 85456','1997-07-03 18:27:07'),(39,'x','1982-10-24','413 Bins Cliff\nWest Harold, OH 96651','2017-08-20 01:13:52'),(40,'f','1984-11-04','476 Parisian Expressway\nLake Lucio, IA 45430','2019-01-27 02:55:42'),(41,'m','2005-06-19','192 Schowalter Plaza\nWiegandfurt, SD 77330-2037','1987-01-19 20:53:12'),(42,'x','2005-01-03','679 Eve Shoals\nCarolineside, WI 80412','1995-04-09 19:49:08'),(43,'f','1993-10-18','37667 Annabel Expressway\nQuitzonfort, MD 26838','1980-11-30 21:24:08'),(44,'x','1989-11-21','19445 Sasha Gardens Suite 558\nWest Avisside, ND 72892-8010','1997-07-15 21:32:43'),(45,'x','2020-06-27','10597 Swift Court Apt. 882\nAntonetteville, IA 51182-8436','2012-04-24 04:08:26'),(46,'x','1993-08-24','24624 Kozey Rest\nNew Paulinehaven, AZ 98439','2005-09-04 16:44:06'),(47,'m','1976-09-13','118 Mathias Squares Suite 556\nSouth Minervatown, VA 28654','2008-06-02 05:00:06'),(48,'f','2008-10-13','77993 Hahn Walk Apt. 331\nJamarhaven, FL 87221-6538','1972-01-10 01:20:48'),(49,'m','1993-08-08','85348 Vilma Crest Suite 773\nEast Cooper, CT 21698-8724','2005-05-22 20:57:08'),(50,'m','2000-12-14','72335 Juvenal Gateway Apt. 668\nAriport, OR 45325','2002-06-18 17:23:05'),(51,'x','1998-08-23','350 Terry Summit Suite 102\nSouth Cletastad, WA 68146-6263','2020-01-07 16:21:48'),(52,'f','1997-12-13','410 Jared Creek\nPort Lillie, SD 36844','2018-02-18 17:18:45'),(53,'x','1991-02-13','6529 Katharina Estate\nEmmerichborough, MT 28323-8050','1971-10-13 21:54:46'),(54,'m','1984-03-06','49291 Kuhic Junction\nNew Jeanieport, DC 65065-6537','2000-06-23 23:52:53'),(55,'x','1999-08-10','76609 Ford Road Apt. 371\nNew Lesliestad, ID 03339-1528','1978-01-30 21:22:09'),(56,'x','2016-05-23','764 Mae Row Apt. 172\nStrackemouth, MN 94905-3107','2000-10-20 13:15:44'),(57,'m','2004-07-05','88139 VonRueden Road Apt. 233\nMyrlview, WY 43256-0981','2014-12-06 19:54:00'),(58,'m','1975-11-16','3323 Lauretta Streets Suite 633\nGradyville, NM 78047-0900','2002-01-15 05:24:58'),(59,'m','2014-08-16','16016 Emerson Estate\nLake Emoryville, NC 05473-1081','2003-07-11 09:07:16'),(60,'x','1985-07-24','309 Nick Field Suite 497\nKochstad, OH 91343-1157','2004-02-16 08:08:17'),(61,'m','1987-03-14','1213 Huel Fields Suite 947\nNorth Monicamouth, SC 99664-4807','1984-06-27 17:50:28'),(62,'x','1998-01-27','99563 Bianka Ridge\nFranciscaport, OH 22925','1980-12-21 17:14:56'),(63,'f','1995-08-09','4359 Hilpert Knoll\nPacochafort, ND 10487-2376','1997-06-29 03:11:31'),(64,'m','1970-02-14','384 Jay Forest Suite 616\nEdnaside, ID 19350','1981-07-15 13:11:29'),(65,'m','1989-01-25','86721 Alberto Parks Apt. 377\nOrntown, SD 08692','1986-11-20 02:06:40'),(66,'m','2015-03-18','2197 Ziemann Cliffs\nTurnerview, DE 13923-5968','1991-01-11 20:54:29'),(67,'f','2011-11-09','07493 Henry Parkways Suite 897\nNew Laurabury, IL 35494-1438','2001-01-02 12:37:39'),(68,'m','2013-08-27','138 Eduardo Dam Apt. 336\nPowlowskishire, TX 84007-6964','1986-05-25 03:56:29'),(69,'x','1997-07-12','1752 Botsford Falls\nNorth Charity, SD 70335-3112','1970-12-02 13:13:14'),(70,'x','2017-01-14','5964 Lola Rapids\nLitzymouth, VT 31771','1980-08-28 15:49:49'),(71,'f','1989-04-13','590 Dayana Turnpike\nNew Carlee, WY 23618-5607','1984-07-22 09:55:20'),(72,'x','1990-05-31','7805 Kutch Street Apt. 759\nAnnabellmouth, AK 73244','1977-03-02 05:50:24'),(73,'f','2014-02-15','9141 Turner Meadows\nNew Ciaramouth, SD 40217-7847','1988-04-03 18:30:27'),(74,'x','1987-02-15','2553 Williamson Points Suite 098\nNew Hershel, KY 06146','2007-11-17 15:08:04'),(75,'x','1971-01-11','3647 Pacocha Island Suite 051\nHermanhaven, OR 17184-6843','2011-02-04 15:18:15'),(76,'m','1985-08-10','90552 Alda Manors Suite 750\nEast Tianaland, OK 95090','2018-08-27 06:11:52'),(77,'f','1989-12-05','370 Malvina Circles\nHuelsburgh, IN 03867','1974-09-17 13:03:12'),(78,'m','1983-10-14','4357 Hessel Ridge\nLake Andy, AK 01025','2001-05-03 09:33:55'),(79,'f','1998-06-10','9890 Botsford Summit\nNorth Larissa, LA 04573-0322','2008-10-23 11:31:05'),(80,'f','2010-01-24','4525 Gene Cape\nAnniehaven, KY 52408-7427','2001-05-28 21:06:23'),(81,'x','2007-02-26','830 Schmidt Ville\nPort Bessie, SC 51734','1982-09-28 22:30:24'),(82,'x','1995-06-11','816 Bode Light\nEast Janickshire, MI 01097','2009-01-04 02:08:13'),(83,'x','1973-07-23','58313 Gottlieb Island\nGerhardmouth, NH 63882','1983-04-03 08:15:07'),(84,'x','1998-01-05','17045 Stanton Plaza\nBeierchester, LA 12050','1972-08-08 12:20:48'),(85,'f','1994-06-17','68508 Leilani Ways Suite 001\nWatsicafort, ID 37214','2006-11-07 08:40:33'),(86,'f','1991-05-09','0411 Holden Mall\nNorth Tristonport, OK 13301','1991-11-26 22:46:33'),(87,'f','1988-12-21','35310 Schamberger Ports Apt. 826\nAnnetteberg, FL 56870-5550','2015-04-05 08:56:07'),(88,'m','2018-02-21','154 Alessia Motorway Apt. 780\nEast Mckaylaside, VA 12301','1995-05-04 00:36:26'),(89,'m','1981-08-07','79048 Spencer Trafficway\nBeckerview, MA 70191','1984-07-25 16:26:29'),(90,'f','2013-04-18','82465 West Path Suite 454\nGoldnerchester, ID 95403','2017-07-15 17:15:57'),(91,'x','1980-07-12','09470 Durward Throughway\nSouth Quintenhaven, KS 75184','1993-01-12 13:46:01'),(92,'m','1980-03-14','1873 Marco Path Apt. 094\nJastborough, SC 81002-9921','1998-03-04 17:38:33'),(93,'x','2001-06-07','32254 Shea Trace\nDylanborough, CT 03142-2840','1974-10-29 22:00:14'),(94,'m','1990-02-08','93890 Gaston Wells Suite 130\nKohlerland, TN 35470','2001-12-29 09:49:17'),(95,'f','2003-05-19','133 Osvaldo Row\nSmithamfort, NY 14963','2001-07-21 08:11:23'),(96,'x','1978-03-06','624 Emard Burgs Suite 429\nSouth Judah, WI 60814','1983-05-30 20:49:00'),(97,'f','1990-06-27','050 Deckow Passage Suite 516\nLake Zola, CA 23057-7596','1985-11-01 13:02:51'),(98,'m','1983-05-21','333 Hagenes Club Suite 236\nOsinskiborough, GA 69971-8323','2008-09-15 15:15:19'),(99,'m','2015-02-03','4213 Timmy Circles Suite 378\nMcCulloughton, SD 33167-6589','2016-02-24 15:06:26'),(100,'x','1970-03-26','41963 Wolf Pine\nCarleeborough, AZ 87313-5285','1984-12-06 19:35:37');
/*!40000 ALTER TABLE `profiles` ENABLE KEYS */;
UNLOCK TABLES;

--
-- Table structure for table `users`
--

DROP TABLE IF EXISTS `users`;
/*!40101 SET @saved_cs_client     = @@character_set_client */;
 SET character_set_client = utf8mb4 ;
CREATE TABLE `users` (
  `id` int NOT NULL AUTO_INCREMENT,
  `firstname` varchar(245) NOT NULL COMMENT 'имя',
  `lastname` varchar(245) NOT NULL COMMENT 'фамилия',
  `email` varchar(245) NOT NULL,
  `phone` bigint NOT NULL COMMENT 'телефон',
  `password_hash` char(64) NOT NULL,
  `is_deleted` bit(1) NOT NULL DEFAULT b'0',
  PRIMARY KEY (`id`),
  UNIQUE KEY `email_UNIQUE` (`email`),
  UNIQUE KEY `phone_UNIQUE` (`phone`),
  KEY `firstname_lastname_idx` (`lastname`,`firstname`)
) ENGINE=InnoDB AUTO_INCREMENT=101 DEFAULT CHARSET=utf8mb4 COLLATE=utf8mb4_0900_ai_ci COMMENT='пользователи';
/*!40101 SET character_set_client = @saved_cs_client */;

--
-- Dumping data for table `users`
--

LOCK TABLES `users` WRITE;
/*!40000 ALTER TABLE `users` DISABLE KEYS */;
INSERT INTO `users` VALUES (1,'Juanita','Nikolaus','lilly80@example.com',79546906690,'859c7edfb9f2cc698e7513322129cc8e554223ff',_binary '\0'),(2,'Madalyn','Mohr','kilback.stella@example.net',79585211759,'115d8026a2b72c61d5d62c3031223a7c98dfd08d',_binary '\0'),(3,'Lenna','Murray','blaze32@example.org',79474091838,'3f4e320f7b99e753de99819b7889ab55496bfa11',_binary '\0'),(4,'Janie','Cummings','ransom.bins@example.com',79762582357,'4343e1fc83f88fbf478a5a5b1ea5c488f8784a62',_binary '\0'),(5,'Rasheed','Bechtelar','johnson.monte@example.org',79014908893,'5f159d16a42e3b1bba353709fef827d3c7928c7c',_binary '\0'),(6,'Howard','Ernser','angel97@example.org',79327471127,'721bbd27a2419021ad497a38b69c50836994e34d',_binary '\0'),(7,'Giovanni','Jaskolski','felicita61@example.org',79572154337,'bb6c39bfcd68925d28432eb9b2d83d92f0c68463',_binary '\0'),(8,'Kamille','Kerluke','sstracke@example.org',79582781194,'1b9912524cbc68f2681d2e1a6291bbfb9663f3e3',_binary '\0'),(9,'Sage','King','flavio.kuhlman@example.com',79928716128,'dbc6402f29579ca14613a496e5195c0365d59912',_binary '\0'),(10,'Connie','Schaden','corwin.tremaine@example.com',79660164197,'7e506deac14a1727480cc3b21ee1d764217d2990',_binary '\0'),(11,'Oliver','Reinger','ylabadie@example.org',79200381194,'c68543a0f7f9a83f1320cfa746b5ab2fdff3471c',_binary '\0'),(12,'Betsy','Sawayn','langosh.antonia@example.com',79857630451,'821bc28dc3a085275fedfe9149d0634c1f0e9c71',_binary '\0'),(13,'Justus','Emmerich','torphy.ludie@example.com',79122257159,'406446c798119d87ba91dada018507b1b492edb4',_binary '\0'),(14,'Haylie','Labadie','vvolkman@example.com',79184353541,'ca809bbf004e0d6ed50f25b6f92a6764196670d8',_binary '\0'),(15,'Jayde','Lockman','fsteuber@example.net',79657707191,'1affb5fb2ddc956d34378d2bfac7cd4910e06d18',_binary '\0'),(16,'Trycia','D\'Amore','marilie63@example.net',79996733351,'8073ead7f553b56d8e1b02d6ec38ff336f39a59e',_binary '\0'),(17,'Mose','Lakin','rutherford.aurelio@example.org',79286149739,'363dfa1b5950399c3abf1757f88e4ddc3751758f',_binary '\0'),(18,'Destany','Bashirian','angelo.borer@example.com',79026107310,'e5496a11805e0c70a598b3b60b60fd46679c0d62',_binary '\0'),(19,'Destinee','Altenwerth','krohan@example.net',79352508984,'6f87861c469f6d8284428ffe36626ced5f58f732',_binary '\0'),(20,'Estella','Predovic','muller.rozella@example.net',79335311873,'931fa3c517102f1115dc9d566e9fc1fad0fa526a',_binary '\0'),(21,'Brandon','DuBuque','erdman.chelsie@example.com',79946550131,'f40b86b7a374e980fdbe96487084e90065a3392e',_binary '\0'),(22,'Waldo','Kreiger','reinger.edward@example.net',79330357642,'4010cd4e69166ef95064cf5e70e9b0b7d03d5bf5',_binary '\0'),(23,'Hilda','Larkin','adelle34@example.com',79075464116,'630fdcf146283948e65eac7844b1db76af553ad4',_binary '\0'),(24,'Nadia','Pagac','gfritsch@example.net',79578444844,'8def810ce1ef5c6325dca101bda1c543d6877639',_binary '\0'),(25,'Michaela','Bahringer','cgislason@example.org',79208879042,'50f23777c93709c9e1e2f24c3fb10fdebd0c98a4',_binary '\0'),(26,'Sigmund','Heaney','von.kim@example.net',79484522263,'af3a5cb379f99f8cb73cca0e7ab78c51b9fc840e',_binary '\0'),(27,'Brandt','Harber','lmarvin@example.net',79317411143,'33da6332881515640b6e2aa99f1f620e1a29bb38',_binary '\0'),(28,'Kianna','Goldner','eli26@example.org',79923025181,'53f0d2a167ba636e50c3f225b68c7a21590be33e',_binary '\0'),(29,'Karlie','O\'Kon','wunsch.jarrett@example.org',79009896050,'bc4c1433a59a41be553690ea57dc5e413fe958b6',_binary '\0'),(30,'Brain','Lehner','obartoletti@example.com',79876034414,'6bfa7c2bc1811ec0d107b05515d130b770250f47',_binary '\0'),(31,'Sanford','O\'Conner','janae.tremblay@example.org',79038276032,'b76f4c98b4c3ce7b74a8da83938364802140ad44',_binary '\0'),(32,'Rod','Reichert','leffler.annamarie@example.net',79031881206,'45603ad16ffdb932b215aa60b30c9087b2a8b22c',_binary '\0'),(33,'Marcella','Walker','sydney.mills@example.com',79168119584,'beff888e9894b4a8217cdefaf994a64c5ab2d848',_binary '\0'),(34,'Dave','Muller','lupton@example.com',79735020591,'f49be04ee040e2c2a2e79b3f74a88550b0b642bb',_binary '\0'),(35,'Alvera','Hermann','mlittle@example.org',79755697950,'07324239a0d50057c15afade8463b24fee1350d8',_binary '\0'),(36,'Xzavier','Klein','ybins@example.net',79652870484,'fa583fb7d2aba21e28cc679babdacc655bcf7cef',_binary '\0'),(37,'Rupert','Brakus','bradley92@example.net',79310491908,'cf8de60edba484752caf5b52586f87b58ca0fa6e',_binary '\0'),(38,'Timothy','Denesik','coy.ankunding@example.org',79350335546,'d805a10f5b62b6889b9282ecdbab1f55b0e646e5',_binary '\0'),(39,'Laney','Smitham','lily.wisozk@example.com',79293961712,'3c7243fe5356d22e1836045d9ea14650ececb416',_binary '\0'),(40,'Fatima','Quitzon','senger.oscar@example.com',79807252809,'9c492d27388a38c249991c76569679f5df7520f8',_binary '\0'),(41,'Aiyana','Renner','bbeahan@example.com',79914311722,'d8006b0d9ecf51e6c49646b5bf175102e2785403',_binary '\0'),(42,'Audra','Blick','dortha.rutherford@example.net',79382914214,'dbb2c97ba997fcf5e0cb08d4cdf25384bd71e8cb',_binary '\0'),(43,'Talon','Spencer','adele37@example.org',79778726446,'04936e1971db02af5f26254b1fe5fb0f95a93807',_binary '\0'),(44,'Kacie','Ruecker','zeichmann@example.org',79147468559,'ba66018bf9b831015bc0bc6e94fba8c3a579bff0',_binary '\0'),(45,'Brandy','Franecki','tkautzer@example.com',79880648906,'0012f55d8da1485870ba197a12311ff0701db752',_binary '\0'),(46,'Carmelo','Reilly','qcorwin@example.net',79759043644,'502551d9697f6202db998e54505574b440eeedf6',_binary '\0'),(47,'Margarita','Hackett','lora.schultz@example.org',79521804674,'9c379a8286bdbc39351f2c51acf3ffcccd8b599d',_binary '\0'),(48,'Grayson','Botsford','kailee.fay@example.com',79531747636,'54c953daf99f6d233d93b3f6ca1137a2e06bcd20',_binary '\0'),(49,'Mariano','McDermott','winona45@example.net',79620004615,'caa26e712cbf976a6f1a4479964b1fae1627881d',_binary '\0'),(50,'Caroline','Brown','burnice18@example.org',79045972575,'ebf0c9dfab0f2862a829e93d39bed1ffef1306ab',_binary '\0'),(51,'Zachary','Pfannerstill','hirthe.newell@example.net',79721035131,'0cd201eaaf0dc2c8c65562ca3590924199a29e95',_binary '\0'),(52,'Lillie','Hyatt','vkessler@example.org',79863814065,'fc1a5799e138a884b788d12f76484c612cf688e4',_binary '\0'),(53,'Emmalee','Mertz','fhodkiewicz@example.org',79025088293,'674864bd171e5f7f1dd731fd586f5d0c18f57493',_binary '\0'),(54,'Lilly','Bartoletti','ricardo73@example.org',79102395074,'4ffbac3bc2ef146d1174b2629780663b8c2cc3f9',_binary '\0'),(55,'Raegan','Cremin','zreichel@example.net',79434401441,'e76d5b01ee2835e3f8d766abf782d799f33e2103',_binary '\0'),(56,'Jovany','Schumm','breitenberg.syble@example.org',79240344007,'3ae70548f52ac01250e2184528c4e25362e67c89',_binary '\0'),(57,'Jamey','Mraz','botsford.noelia@example.com',79192509857,'33f1ff0bd9c0c8ea9daa2d18732c9e63d191d184',_binary '\0'),(58,'Lucinda','Purdy','iadams@example.org',79760653088,'655c2e2fc4e29c2feafa866f4d3e03a5c78517ab',_binary '\0'),(59,'Ruthie','Franecki','considine.ena@example.org',79939265840,'9013cba4a23a985bc912305aa8f5877428630ba3',_binary '\0'),(60,'Susanna','Sanford','cyrus51@example.org',79877296608,'cd9fd72754e901c741f1a74cc8d966d8884e99ca',_binary '\0'),(61,'Orion','Borer','norene.upton@example.com',79229655374,'78c2f9f0b2b3f2f378b04b2104db3e4540584b9a',_binary '\0'),(62,'Kory','VonRueden','lavon52@example.net',79217395446,'a1f5ed536cf57cbfac3f4a670718836d2425ba1d',_binary '\0'),(63,'Cierra','Sporer','qrogahn@example.org',79964510109,'4865c23f46694c8dd520e45a7c5f2b48709baec1',_binary '\0'),(64,'Heloise','Dibbert','sbecker@example.net',79957065785,'291390c72ea5abd621fe66956825b8e0baf75c7c',_binary '\0'),(65,'Carey','Pfannerstill','abigayle65@example.com',79959915335,'151689cf91eb46dd76331a22d04a36993691167b',_binary '\0'),(66,'Fredrick','Fay','nettie89@example.net',79955143835,'5c7a19c96fee212c473f98177c7967312b376dc2',_binary '\0'),(67,'Silas','Pacocha','lindgren.madeline@example.net',79038395907,'194f5ab450b8aafb7d022183e275b80ba205397c',_binary '\0'),(68,'Marc','Welch','nathanael45@example.com',79736862550,'c7bf65010794b1ef8e10634ceeffed9c545af3b3',_binary '\0'),(69,'Rosanna','Quitzon','hope.larkin@example.com',79748743857,'68a3e3785548e540c7497072d6bf99564626327c',_binary '\0'),(70,'Elmira','Johnson','ines05@example.com',79326640003,'a71e31d39fbe9d3e65e948aedb947791a47a9b17',_binary '\0'),(71,'Guido','Nicolas','wbauch@example.com',79026053667,'547b8b45f283cd9931f036be9a9a509c647f4647',_binary '\0'),(72,'Jany','Fadel','nfadel@example.org',79955860994,'e2d0c63e8f01a49d56c0c7a7b4ee1e6f9d5099df',_binary '\0'),(73,'Neha','Wolf','irath@example.net',79216577422,'651b059fe2024995e87eea5c611934daf7fe0087',_binary '\0'),(74,'Laila','Baumbach','vicenta.schamberger@example.com',79202964889,'8e5191242f7da7f6c02b6e0695fc013c547f5b21',_binary '\0'),(75,'Darrion','Hyatt','vzulauf@example.net',79633875663,'a58df53b3b758ab422ef3883c38cfc25355e6dcc',_binary '\0'),(76,'Winnifred','Tromp','xjohnson@example.com',79937104911,'7363542e4c751b94a0e6c061783b41ed65f807c5',_binary '\0'),(77,'Eriberto','Hand','flavio.mills@example.net',79746260816,'57f8af6c8b525362a08240ec01b5bc5a5e4cd865',_binary '\0'),(78,'Martine','Thompson','cory50@example.net',79924841530,'876731de6e4a0e1eadfbfceb55a816fe072d9f0e',_binary '\0'),(79,'Aric','Kautzer','wilma31@example.com',79624481489,'52466c8b8be324932944a7073c0dbe0c37c1b848',_binary '\0'),(80,'Lelia','Bayer','percy18@example.org',79697308206,'608efc41e414f06a4ac1b1b8f73d23ee0b6bba2a',_binary '\0'),(81,'Saul','Ondricka','pollich.kristian@example.org',79885204284,'2d6acb4d5c4ce06ad4fd95ee93d41cf59c4ce7e5',_binary '\0'),(82,'Vincenza','Bins','wisozk.kaitlyn@example.com',79122584029,'fd88fd59ca0e37dcca9b6eee43aca27e23b7944e',_binary '\0'),(83,'Hoyt','Pfeffer','dexter70@example.org',79002987871,'9848305262628b349b21b9295e42be603be20c0c',_binary '\0'),(84,'Tamia','Hermiston','alivia.daugherty@example.net',79450068520,'e8352e21f6262fa7610475fe5123f820f2a9fe6c',_binary '\0'),(85,'Astrid','Shanahan','lubowitz.cara@example.org',79160942471,'58e0982b3d06b9acc4ac8d89cf9353696832ea79',_binary '\0'),(86,'Gerardo','Hoppe','israel44@example.org',79283590332,'0d4a59e0af3a4d62f39c6cf2adf8944e525f8304',_binary '\0'),(87,'Jeanette','Durgan','haleigh23@example.net',79993989071,'a85fafc4b078a11ef2d7c41079eb27fe984884f6',_binary '\0'),(88,'Eden','Ruecker','wisoky.marion@example.org',79623524538,'9e7997ac7e837dd61beed49f07c0d87266db4887',_binary '\0'),(89,'Shanie','Boyer','ramiro.labadie@example.org',79950859759,'32881f9abd00b1adff97733f0c7e901a2dce9b1b',_binary '\0'),(90,'Martine','Barrows','juliet10@example.org',79863355817,'908a284b9691ff283b352ec28ac383c5a09c8b30',_binary '\0'),(91,'Modesto','Schaden','gutkowski.kattie@example.net',79613039438,'b6f2562c537accd20fc8107934735458ba060c10',_binary '\0'),(92,'Demarco','Bogisich','sabryna.carroll@example.com',79213285307,'7296fe11bfa7fbb5fa7a98616c2dc9e2c7897f98',_binary '\0'),(93,'Chester','Schmeler','ycronin@example.org',79531640071,'4436a3108f885910e74dbad7a8b9525e30cb6d65',_binary '\0'),(94,'Clotilde','Crist','alexzander.prosacco@example.net',79744521220,'eadb4fab170c1fcc36b878d121c04b356fe81694',_binary '\0'),(95,'Alphonso','Stiedemann','stroman.liliana@example.com',79301595524,'34773ed742134547c6299e8d34976c61024ee00d',_binary '\0'),(96,'Kathlyn','Jakubowski','sgoyette@example.org',79448465793,'a2f50e944ddd74f6ec8d20210a9852f8ff63ff04',_binary '\0'),(97,'Robert','Gutkowski','schamberger.simeon@example.org',79284223824,'3758ab355153ba7126e41df7c5f106f5ac0bb9f7',_binary '\0'),(98,'Zetta','Konopelski','ward.stanley@example.net',79562455277,'dbe65e4885ee40f2d3f6877638d4e83adf52496c',_binary '\0'),(99,'Santa','Thompson','manley39@example.net',79223030284,'61bacb7f234e9d5df275453abd5cbf0519075bc3',_binary '\0'),(100,'Jayne','Collier','cullrich@example.org',79438498607,'20a5c0c52aeda2fa9c914d73f0b347f1749e460a',_binary '\0');
/*!40000 ALTER TABLE `users` ENABLE KEYS */;
UNLOCK TABLES;

--
-- Table structure for table `users_communities`
--

DROP TABLE IF EXISTS `users_communities`;
/*!40101 SET @saved_cs_client     = @@character_set_client */;
 SET character_set_client = utf8mb4 ;
CREATE TABLE `users_communities` (
  `community_id` int NOT NULL,
  `user_id` int NOT NULL,
  PRIMARY KEY (`community_id`,`user_id`),
  KEY `fk_users_communities_users1_idx` (`user_id`),
  KEY `fk_users_communities_communities1_idx` (`community_id`),
  CONSTRAINT `fk_users_communities_communities1` FOREIGN KEY (`community_id`) REFERENCES `communities` (`id`),
  CONSTRAINT `fk_users_communities_users1` FOREIGN KEY (`user_id`) REFERENCES `users` (`id`)
) ENGINE=InnoDB DEFAULT CHARSET=utf8mb4 COLLATE=utf8mb4_0900_ai_ci;
/*!40101 SET character_set_client = @saved_cs_client */;

--
-- Dumping data for table `users_communities`
--

LOCK TABLES `users_communities` WRITE;
/*!40000 ALTER TABLE `users_communities` DISABLE KEYS */;
INSERT INTO `users_communities` VALUES (27,1),(60,1),(68,1),(21,3),(40,3),(63,5),(65,6),(8,8),(23,9),(74,10),(100,12),(2,14),(57,17),(9,21),(25,21),(11,22),(98,22),(89,23),(25,24),(76,24),(1,25),(43,26),(67,26),(1,27),(2,27),(90,28),(34,29),(3,31),(4,33),(37,33),(40,33),(38,36),(92,38),(88,39),(72,41),(83,41),(68,43),(99,43),(86,44),(20,45),(27,45),(71,45),(82,46),(86,46),(33,48),(65,49),(79,49),(96,49),(53,51),(78,51),(63,53),(3,54),(14,54),(44,54),(7,56),(1,57),(85,58),(96,59),(19,61),(58,62),(71,63),(24,67),(14,68),(85,69),(22,70),(96,70),(6,73),(58,73),(39,75),(79,75),(82,75),(3,76),(24,77),(85,77),(97,77),(25,79),(80,79),(33,81),(63,81),(23,82),(94,82),(18,83),(61,83),(81,83),(50,85),(78,86),(65,88),(98,88),(54,89),(85,89),(13,93),(47,93),(69,94),(61,95),(49,96),(68,96),(82,98),(54,100),(57,100),(62,100);
/*!40000 ALTER TABLE `users_communities` ENABLE KEYS */;
UNLOCK TABLES;
/*!40103 SET TIME_ZONE=@OLD_TIME_ZONE */;

/*!40101 SET SQL_MODE=@OLD_SQL_MODE */;
/*!40014 SET FOREIGN_KEY_CHECKS=@OLD_FOREIGN_KEY_CHECKS */;
/*!40014 SET UNIQUE_CHECKS=@OLD_UNIQUE_CHECKS */;
/*!40101 SET CHARACTER_SET_CLIENT=@OLD_CHARACTER_SET_CLIENT */;
/*!40101 SET CHARACTER_SET_RESULTS=@OLD_CHARACTER_SET_RESULTS */;
/*!40101 SET COLLATION_CONNECTION=@OLD_COLLATION_CONNECTION */;
/*!40111 SET SQL_NOTES=@OLD_SQL_NOTES */;

-- Dump completed on 2020-10-13 22:40:04
